lectures_watched_pct,weekly_study_hours,assignments_completed_pct,avg_quiz_score,missed_deadlines,forum_posts,logins_per_month,days_since_last_login,video_rewatch_count,messages_to_teacher,mobile_activity_pct,progress_consistency,final_exam_score,learning_style,risk_score,passed,cluster_label
21.8,2.2,25.3,36.5,8,1,6,12.5,1,2,66.9,0.0,23.8,at_risk_students,100.0,0,1
58.3,6.1,95.9,89.9,1,2,19,1.9,3,2,47.8,78.2,97.8,practice_oriented_students,30.9,1,0
29.5,2.1,26.0,40.2,10,1,4,14.5,3,1,74.4,0.0,44.7,at_risk_students,100.0,0,1
29.7,1.1,36.5,34.5,6,0,3,16.2,2,1,77.2,1.9,41.4,at_risk_students,100.0,0,1
94.1,5.1,65.8,58.9,2,2,19,5.4,14,0,65.9,59.3,69.3,video_focused_students,48.8,1,3
54.1,10.3,66.4,55.4,6,7,28,0.7,8,4,58.3,54.2,57.4,social_learners,54.5,0,2
25.6,1.8,44.6,26.6,11,1,6,16.4,2,1,85.5,0.0,33.4,at_risk_students,100.0,0,1
26.6,1.2,28.6,52.0,8,1,3,15.2,0,0,73.3,5.9,51.2,at_risk_students,100.0,0,1
98.2,7.0,67.1,74.6,2,2,15,1.3,8,2,59.8,63.2,68.8,video_focused_students,40.9,1,3
66.9,5.3,97.9,95.9,1,4,22,3.4,5,2,40.2,81.5,80.4,practice_oriented_students,31.3,1,0
62.0,7.1,96.4,95.4,1,2,17,2.3,4,2,33.1,71.2,89.1,practice_oriented_students,30.4,1,0
58.0,8.8,59.1,61.5,5,10,28,1.0,6,3,51.9,59.0,59.5,catch_up_students,53.7,0,2
80.7,6.4,74.2,75.5,2,22,16,0.0,4,8,52.5,63.1,79.8,social_learners,39.4,1,4
34.2,1.8,32.7,41.5,8,2,5,16.0,3,0,56.8,0.0,26.1,at_risk_students,100.0,0,1
58.5,5.0,89.6,100.0,2,3,17,0.9,0,1,28.0,66.0,86.5,practice_oriented_students,35.5,1,0
66.7,6.2,94.7,81.4,1,2,20,2.2,1,1,38.9,73.8,90.7,practice_oriented_students,32.1,1,0
79.0,6.1,78.5,87.6,3,13,20,3.1,3,5,43.1,66.6,79.5,social_learners,40.8,1,4
87.6,6.2,62.7,85.7,2,3,15,3.2,11,0,51.0,54.2,60.3,video_focused_students,45.1,0,3
36.3,1.7,35.3,42.7,10,0,6,18.6,1,2,76.7,0.0,32.5,at_risk_students,100.0,0,1
73.5,6.6,69.2,76.2,2,19,28,2.9,3,11,42.8,70.5,83.3,social_learners,39.4,1,4
14.3,1.6,12.5,47.7,11,0,6,13.5,1,2,70.6,0.0,55.4,at_risk_students,100.0,0,1
66.5,6.6,91.2,87.8,1,2,20,2.9,5,3,47.6,75.0,84.8,practice_oriented_students,32.9,1,0
58.2,8.9,74.0,65.9,5,8,24,0.0,12,5,56.0,57.7,54.4,catch_up_students,50.1,1,2
63.8,9.7,57.5,59.8,3,7,30,0.1,9,3,46.3,56.2,65.4,catch_up_students,45.2,1,2
32.3,1.6,5.2,30.0,10,0,4,11.9,3,0,75.0,0.0,43.7,at_risk_students,100.0,0,1
92.9,5.6,75.1,67.4,2,2,11,3.9,16,1,49.3,60.0,72.1,video_focused_students,45.7,0,3
66.6,7.1,75.6,78.5,3,18,25,4.2,5,6,50.4,63.9,79.6,social_learners,43.2,1,4
100.0,7.1,63.6,77.5,2,2,18,1.4,14,3,65.7,64.1,70.4,video_focused_students,39.8,1,3
89.7,6.5,73.5,61.6,3,2,17,1.7,17,2,69.7,62.3,62.4,video_focused_students,46.5,1,3
15.8,1.7,27.9,44.0,9,1,8,20.3,0,1,69.4,0.0,20.5,at_risk_students,100.0,0,1
19.4,1.9,17.7,33.0,11,0,6,9.5,4,2,69.2,0.0,43.8,at_risk_students,100.0,0,1
55.7,9.3,57.1,58.4,6,7,29,1.2,11,4,71.8,55.2,52.5,catch_up_students,57.8,0,2
61.7,7.9,97.0,92.9,1,3,17,2.6,7,1,28.7,76.3,91.9,practice_oriented_students,29.9,1,0
69.7,5.7,89.3,83.7,0,3,18,1.7,0,0,45.0,75.6,83.0,practice_oriented_students,31.8,1,0
81.6,6.2,75.7,90.0,3,16,21,1.5,6,8,43.8,68.7,85.8,social_learners,38.0,1,4
91.5,8.2,70.1,77.8,2,1,17,5.1,13,0,51.1,57.5,63.0,video_focused_students,42.8,1,3
96.6,6.8,54.4,70.9,2,4,12,2.9,18,1,66.5,55.2,73.8,video_focused_students,47.1,1,3
68.1,7.1,65.8,78.0,2,15,23,1.2,3,7,38.2,61.8,78.9,social_learners,41.0,1,4
60.1,5.4,90.5,94.6,1,3,19,0.0,4,3,37.1,76.8,87.4,practice_oriented_students,31.4,1,0
13.0,0.9,26.7,32.6,10,1,1,11.6,0,1,69.1,0.0,33.8,at_risk_students,100.0,0,1
65.1,4.0,95.5,90.8,1,4,15,4.4,2,2,22.5,74.7,81.4,practice_oriented_students,37.6,1,0
32.9,1.8,24.2,51.3,8,0,3,17.9,2,0,63.8,0.0,32.2,at_risk_students,100.0,0,1
22.6,1.3,31.2,46.3,8,1,5,13.1,1,0,64.7,0.0,26.4,at_risk_students,100.0,0,1
58.1,5.9,92.1,89.7,1,2,14,2.2,6,0,38.8,67.7,94.1,practice_oriented_students,34.6,1,0
22.1,1.6,12.0,17.9,10,0,4,11.1,1,1,63.7,0.0,41.8,at_risk_students,100.0,0,1
28.7,2.5,16.5,38.5,10,2,2,14.9,3,2,73.0,0.0,35.8,at_risk_students,100.0,0,1
64.7,5.9,93.3,84.6,1,6,13,2.6,2,2,36.4,71.1,91.6,practice_oriented_students,35.2,1,0
71.7,3.8,99.4,89.9,1,2,16,2.4,4,1,44.7,77.6,76.4,practice_oriented_students,34.4,1,0
25.6,1.0,29.0,17.3,9,0,5,15.6,3,1,64.1,0.0,32.9,at_risk_students,100.0,0,1
89.1,6.6,58.6,74.3,1,3,16,7.3,10,1,76.4,55.8,81.3,video_focused_students,45.8,1,3
91.0,7.0,63.8,71.5,1,2,17,3.1,8,2,64.9,62.3,67.9,social_learners,41.8,1,3
85.9,6.4,75.4,68.2,3,1,17,3.3,16,0,49.4,58.5,63.3,video_focused_students,46.8,0,3
29.9,1.5,44.0,23.4,9,0,4,16.5,0,1,90.0,0.0,33.5,at_risk_students,100.0,0,1
25.9,1.4,6.8,44.8,8,0,5,14.0,1,2,57.6,0.0,48.5,at_risk_students,100.0,0,1
40.5,2.3,25.8,30.5,8,1,5,15.7,2,1,56.6,0.0,32.8,at_risk_students,100.0,0,1
25.7,1.3,25.9,35.5,11,2,2,18.3,1,0,74.1,0.0,33.1,at_risk_students,100.0,0,1
62.9,5.3,90.7,93.5,1,5,25,1.1,4,0,29.8,77.0,83.2,practice_oriented_students,30.6,1,0
72.1,5.2,79.1,70.5,4,16,23,0.6,8,10,49.4,64.7,68.9,social_learners,46.2,0,4
98.3,7.4,68.6,57.4,1,3,20,5.3,8,1,70.1,64.0,61.4,video_focused_students,43.3,1,3
89.5,5.3,66.0,70.0,2,1,15,3.4,14,1,58.7,53.0,73.6,video_focused_students,46.3,1,3
27.0,1.7,32.7,21.4,6,1,5,16.6,2,2,80.3,0.0,42.8,at_risk_students,100.0,0,1
77.6,7.4,77.9,70.7,2,20,28,1.0,5,9,47.5,75.2,70.3,social_learners,36.6,1,4
73.5,6.5,72.4,84.9,1,15,23,2.6,2,5,30.7,68.1,77.2,social_learners,36.7,1,4
31.6,1.4,26.9,36.3,9,1,4,15.4,3,1,57.0,0.0,44.6,at_risk_students,100.0,0,1
79.1,6.6,74.9,74.7,2,16,24,2.6,4,7,37.4,64.0,70.6,social_learners,40.0,1,4
83.9,7.6,64.2,80.3,3,16,23,0.0,6,6,48.6,68.2,67.6,social_learners,40.9,1,4
68.3,5.3,61.1,74.4,1,12,24,1.4,3,7,55.6,65.9,80.6,social_learners,41.6,1,4
60.2,5.9,93.6,85.7,1,2,20,2.8,0,2,11.6,76.2,83.3,practice_oriented_students,34.4,1,0
83.7,5.9,74.2,60.5,3,2,12,2.6,10,2,67.9,52.4,61.0,video_focused_students,50.7,0,3
72.5,4.7,99.4,87.8,0,2,16,0.8,4,0,18.6,72.6,84.7,practice_oriented_students,28.7,1,0
86.5,6.1,80.0,72.3,2,0,14,3.8,10,2,52.4,60.2,71.0,social_learners,43.1,1,3
62.8,5.7,92.1,84.3,1,3,18,1.7,6,1,33.5,76.9,87.6,practice_oriented_students,34.1,1,0
32.4,0.8,26.7,53.2,9,1,4,16.1,2,0,68.1,0.0,40.0,at_risk_students,100.0,0,1
59.2,6.3,95.2,89.2,1,3,19,2.5,4,0,53.7,71.6,84.3,practice_oriented_students,33.1,1,0
92.3,5.7,74.7,71.4,1,3,18,1.5,18,2,61.9,69.4,84.1,video_focused_students,36.5,1,3
62.7,6.4,94.9,88.1,0,3,18,0.7,1,2,15.2,75.3,88.2,practice_oriented_students,28.4,1,0
63.5,6.5,91.4,88.6,1,3,21,1.1,5,2,41.3,73.5,98.5,practice_oriented_students,29.6,1,0
20.0,2.0,29.0,39.9,7,2,3,20.1,5,1,76.8,0.0,33.1,at_risk_students,100.0,0,1
66.4,5.0,84.3,77.6,2,16,22,2.7,5,9,45.4,64.7,74.9,social_learners,40.9,1,4
25.2,1.7,14.7,38.7,9,0,3,17.4,2,0,72.6,0.0,48.2,at_risk_students,100.0,0,1
23.7,1.4,28.7,40.8,9,1,7,16.3,3,2,63.0,0.0,19.9,at_risk_students,100.0,0,1
57.4,5.3,96.1,86.6,0,4,15,1.3,4,1,40.0,73.3,92.5,practice_oriented_students,31.4,1,0
25.2,1.7,25.9,40.9,10,2,5,13.2,2,1,72.9,0.0,60.1,at_risk_students,100.0,0,1
96.3,6.9,82.0,69.7,2,1,15,3.9,16,1,72.1,63.7,72.3,video_focused_students,40.4,1,3
93.0,6.2,63.8,66.3,3,2,16,3.4,15,0,53.4,58.1,74.6,video_focused_students,48.2,1,3
87.0,7.3,63.5,68.9,1,3,18,4.5,17,4,48.3,59.9,67.8,practice_oriented_students,43.5,1,3
19.5,1.6,15.3,42.0,9,1,6,18.1,2,3,73.3,0.0,19.4,at_risk_students,100.0,0,1
73.1,6.2,71.2,88.1,2,19,20,0.9,5,8,32.1,67.7,75.9,social_learners,39.1,1,4
86.9,6.4,66.9,72.5,3,3,15,2.8,14,2,58.5,60.0,78.5,video_focused_students,46.4,1,3
83.7,5.5,74.1,76.1,2,15,19,1.9,3,8,40.6,67.0,70.4,practice_oriented_students,41.5,1,4
93.9,8.5,69.7,74.9,1,1,21,2.0,10,1,61.3,69.7,66.7,video_focused_students,35.5,1,3
21.4,1.0,32.5,43.4,8,0,4,15.8,3,0,70.2,0.0,44.8,at_risk_students,100.0,0,1
60.1,6.2,94.0,93.4,1,1,16,2.4,4,1,42.3,71.1,90.7,practice_oriented_students,32.7,1,0
63.7,6.3,88.6,91.2,1,3,9,0.8,8,0,20.1,65.0,94.4,at_risk_students,34.4,1,0
67.4,6.3,94.5,91.5,2,4,13,2.7,6,2,32.6,70.1,94.0,practice_oriented_students,35.3,1,0
68.5,5.8,72.2,73.1,1,9,22,2.1,4,12,47.1,68.1,84.7,catch_up_students,39.3,1,4
67.4,7.1,93.2,90.5,1,3,19,4.7,3,1,46.1,73.2,93.8,practice_oriented_students,32.0,1,0
93.6,5.0,76.8,73.0,3,1,11,3.9,13,1,62.7,59.7,92.4,video_focused_students,45.0,1,3
95.2,8.0,66.9,59.7,2,3,13,3.2,11,3,68.0,58.0,77.6,video_focused_students,44.5,1,3
59.4,8.3,43.5,64.2,6,8,31,2.3,8,4,57.8,54.5,85.3,catch_up_students,56.9,0,2
55.3,8.6,67.3,54.2,5,6,31,1.0,5,6,48.4,57.9,65.3,catch_up_students,51.7,0,2
32.5,0.9,20.9,45.2,8,0,6,19.9,2,0,78.1,0.0,21.4,at_risk_students,100.0,0,1
60.2,5.5,92.3,84.8,1,3,21,2.5,3,0,22.8,72.6,88.7,practice_oriented_students,34.0,1,0
54.2,8.6,73.6,49.4,4,8,31,0.7,9,6,35.4,60.8,50.1,catch_up_students,50.1,1,2
23.9,1.8,34.1,58.0,8,1,9,10.7,3,0,72.0,5.7,35.6,at_risk_students,98.7,0,1
28.9,2.2,24.0,39.6,9,0,6,18.9,5,1,66.4,0.0,45.7,at_risk_students,100.0,0,1
64.0,6.4,89.7,85.9,1,4,16,0.2,0,0,25.5,67.3,86.1,practice_oriented_students,32.9,1,0
62.1,5.5,98.3,91.3,1,3,17,2.6,5,0,36.3,74.4,74.8,practice_oriented_students,34.1,1,0
89.6,8.3,62.7,73.3,2,2,16,3.7,16,2,62.0,57.0,78.7,video_focused_students,42.9,1,3
52.7,10.6,78.7,62.0,3,5,30,1.6,10,7,57.9,69.5,74.7,catch_up_students,40.4,1,2
67.8,6.7,91.8,85.0,2,3,20,2.3,3,1,47.5,66.5,90.3,practice_oriented_students,34.3,1,0
99.9,6.6,57.2,83.4,3,2,15,5.2,11,2,66.3,57.4,74.7,video_focused_students,47.4,1,3
71.2,5.1,86.5,91.1,1,3,19,1.8,6,1,32.1,79.9,85.1,practice_oriented_students,33.6,1,0
76.0,4.8,73.4,73.4,0,18,22,0.0,7,11,58.9,73.2,79.2,social_learners,35.1,1,4
99.4,7.7,62.4,73.2,3,0,17,7.1,15,2,63.5,57.9,72.5,video_focused_students,48.2,1,3
20.3,2.3,36.0,30.1,10,1,6,17.6,3,1,85.1,0.0,41.1,at_risk_students,100.0,0,1
42.1,1.9,30.7,24.5,8,2,6,9.3,3,0,85.1,2.3,37.1,at_risk_students,100.0,0,1
20.7,1.2,23.4,46.4,7,0,7,13.9,2,0,64.2,3.3,37.9,at_risk_students,100.0,0,1
74.3,5.3,90.3,95.7,1,2,18,3.7,7,0,35.7,71.5,87.5,practice_oriented_students,32.9,1,0
73.0,7.3,81.2,74.0,2,19,21,2.3,5,6,39.3,67.2,85.7,social_learners,37.7,1,4
69.9,6.6,88.4,69.7,0,21,21,1.8,4,9,39.4,75.2,75.9,social_learners,33.5,1,4
68.8,6.0,65.4,73.5,2,16,22,1.8,4,9,58.5,64.5,74.2,social_learners,44.3,1,4
92.8,8.1,71.1,61.4,3,3,15,5.1,11,0,63.1,54.7,60.7,video_focused_students,49.1,1,3
56.5,4.7,88.9,87.7,1,4,21,2.7,4,1,29.1,69.0,92.1,practice_oriented_students,35.4,1,0
96.9,7.0,66.9,74.4,0,2,16,3.4,15,1,52.9,67.4,72.0,video_focused_students,37.2,1,3
74.0,7.2,67.5,77.1,3,12,24,1.3,4,6,45.6,61.3,88.0,social_learners,40.9,1,4
59.5,7.5,91.2,87.9,1,2,17,4.9,7,0,41.2,63.2,82.0,practice_oriented_students,36.2,1,0
96.8,7.6,65.2,71.0,3,2,15,0.9,13,2,52.4,60.3,77.5,video_focused_students,42.8,1,3
95.4,6.2,58.3,68.8,3,1,14,0.6,18,2,68.2,57.4,79.8,video_focused_students,46.3,1,3
72.0,5.9,89.8,79.3,1,18,20,3.2,4,9,55.5,72.7,79.3,social_learners,35.5,1,4
90.7,6.3,65.3,80.9,2,1,14,5.3,15,2,59.9,57.0,77.0,video_focused_students,45.0,1,3
64.8,10.4,53.1,56.2,6,9,24,1.4,7,4,51.1,45.0,61.6,catch_up_students,57.6,0,2
69.8,5.0,78.7,80.5,2,12,24,2.4,3,8,46.1,76.1,88.1,social_learners,38.8,1,4
78.5,5.1,96.9,92.9,0,3,18,2.8,4,2,36.6,83.1,86.0,practice_oriented_students,28.1,1,0
77.4,5.7,67.7,72.6,1,19,26,1.7,8,11,48.9,76.0,72.1,social_learners,39.0,1,4
91.6,6.5,62.7,63.2,3,1,25,1.8,9,2,74.2,65.9,73.5,video_focused_students,44.5,0,3
53.3,8.4,45.8,63.9,3,3,27,0.6,11,6,61.2,58.1,71.0,catch_up_students,51.0,0,2
74.8,6.8,74.8,73.6,1,15,24,1.7,4,7,37.3,71.8,82.9,social_learners,35.9,1,4
32.7,1.4,13.7,48.2,8,1,5,20.0,2,0,76.4,0.0,33.2,at_risk_students,100.0,0,1
79.8,7.1,79.7,81.5,4,1,19,2.3,14,0,56.8,65.9,68.3,video_focused_students,44.0,1,3
74.7,5.1,72.1,71.5,2,21,26,1.1,0,4,58.4,67.6,74.6,social_learners,41.0,1,4
80.6,6.3,72.2,75.2,2,22,24,2.5,7,6,53.0,61.5,75.2,social_learners,40.0,1,4
50.9,10.0,61.9,64.5,7,3,28,1.4,9,5,41.2,47.8,76.3,catch_up_students,55.8,1,2
72.8,7.2,73.7,75.8,1,17,24,1.1,5,7,65.4,76.3,76.5,social_learners,35.8,1,4
74.6,5.1,71.3,77.3,3,18,27,2.4,8,8,66.1,66.1,74.1,social_learners,43.6,1,4
77.7,6.6,91.7,94.2,1,5,13,1.9,3,0,44.5,74.1,85.4,practice_oriented_students,31.4,1,0
64.2,5.5,93.5,92.9,0,2,21,2.6,0,0,48.0,76.7,89.4,practice_oriented_students,29.0,1,0
73.1,7.0,65.9,71.0,2,17,25,0.7,6,10,50.9,66.6,77.8,social_learners,40.6,1,4
65.6,7.0,92.5,83.6,1,3,17,2.7,5,2,47.4,67.9,93.0,practice_oriented_students,32.9,1,0
90.6,6.4,61.2,69.3,2,1,15,5.4,14,3,63.4,55.9,71.0,video_focused_students,48.5,1,3
30.0,2.7,18.2,46.7,9,0,7,20.4,1,1,53.7,0.0,25.4,at_risk_students,100.0,0,1
50.2,9.7,56.8,59.2,6,4,26,1.3,12,7,48.7,45.4,72.5,catch_up_students,56.8,1,2
85.3,7.9,64.1,84.1,3,1,14,4.7,16,1,62.4,56.5,78.3,video_focused_students,46.0,0,3
68.1,6.5,81.3,85.7,2,18,25,1.2,5,6,37.0,74.3,79.0,social_learners,35.6,1,4
93.7,7.0,71.3,71.7,3,1,17,4.6,11,1,57.0,56.7,69.3,video_focused_students,45.8,1,3
34.5,2.0,40.8,37.3,13,1,6,14.6,2,2,69.9,0.0,55.8,at_risk_students,100.0,0,1
61.5,6.3,92.5,85.0,0,6,17,0.6,3,1,40.4,76.3,90.3,practice_oriented_students,29.8,1,0
75.0,5.5,70.3,70.5,1,20,25,2.7,5,10,32.9,70.2,82.2,social_learners,39.4,1,4
29.7,1.2,13.0,32.6,9,2,2,12.6,1,1,57.4,0.0,23.8,practice_oriented_students,100.0,0,1
18.7,1.6,33.5,27.3,8,2,4,14.0,3,1,82.0,0.0,42.3,social_learners,100.0,0,1
92.6,7.6,64.7,72.2,2,3,13,5.1,14,0,71.7,59.4,88.6,video_focused_students,43.9,1,3
58.6,7.8,46.2,65.0,5,4,28,1.6,7,4,66.1,53.8,56.4,catch_up_students,58.0,0,2
68.7,6.9,96.0,92.5,0,4,15,2.5,5,1,38.7,71.2,81.9,practice_oriented_students,29.3,1,0
91.9,7.7,67.7,63.6,3,2,17,2.5,18,0,59.3,55.0,73.8,video_focused_students,45.3,1,3
82.7,5.9,76.4,59.5,2,16,21,2.8,4,8,44.0,61.0,65.5,social_learners,44.4,1,4
55.5,5.2,91.4,96.7,1,2,22,1.4,6,0,44.6,73.8,84.6,practice_oriented_students,32.2,1,0
28.9,1.5,29.4,33.8,9,1,5,14.5,2,2,91.6,0.0,47.4,at_risk_students,100.0,0,1
30.6,1.9,30.6,29.9,8,0,6,15.4,2,2,79.6,0.0,36.4,at_risk_students,100.0,0,1
69.9,4.5,91.7,88.8,1,4,19,2.8,4,0,33.9,74.0,87.1,practice_oriented_students,34.2,1,0
55.2,9.6,58.7,61.0,6,4,25,1.0,12,8,60.3,48.3,53.3,catch_up_students,57.8,0,2
66.9,6.4,89.3,88.3,1,4,16,1.8,0,0,31.8,71.2,80.9,practice_oriented_students,34.3,1,0
59.4,6.5,68.4,78.9,1,17,22,2.1,5,7,34.7,64.1,68.1,social_learners,41.9,1,4
63.0,6.5,91.9,83.2,1,3,19,4.3,3,1,39.4,69.1,86.9,practice_oriented_students,35.5,1,0
54.4,8.4,47.2,56.6,4,7,29,0.6,9,1,50.0,55.5,68.2,catch_up_students,54.0,0,2
96.3,5.6,60.5,76.3,4,2,16,0.0,7,1,59.1,58.1,65.3,video_focused_students,48.1,1,3
95.7,6.9,75.4,72.0,2,3,13,8.0,14,1,66.2,60.7,86.1,video_focused_students,44.4,1,3
73.0,5.6,93.4,81.6,1,2,18,1.9,8,3,36.4,72.3,87.4,practice_oriented_students,32.9,1,0
55.7,9.1,68.8,58.7,5,3,29,2.6,11,8,47.2,53.9,66.9,catch_up_students,51.9,0,2
63.4,9.6,49.7,52.5,4,7,31,2.2,6,8,61.5,54.3,52.6,catch_up_students,54.2,0,2
30.9,1.0,29.9,19.8,8,2,5,14.3,3,2,84.1,0.0,46.7,at_risk_students,100.0,0,1
59.9,9.6,59.1,53.3,4,5,28,2.2,10,7,62.6,56.9,63.1,catch_up_students,52.1,0,2
67.3,10.1,51.5,64.3,7,6,29,1.6,8,6,42.8,53.4,60.0,catch_up_students,57.6,0,2
71.2,6.7,73.6,76.1,2,15,23,1.5,2,6,59.5,63.8,79.3,social_learners,39.5,1,4
65.4,7.3,92.3,94.5,1,3,14,3.2,3,2,29.5,71.0,88.1,practice_oriented_students,32.8,1,0
29.8,1.6,19.8,53.4,10,0,6,13.4,1,2,54.0,0.0,47.3,at_risk_students,100.0,0,1
29.9,2.0,18.4,45.5,9,0,5,20.8,4,2,59.1,0.0,42.9,at_risk_students,100.0,0,1
69.9,6.2,92.7,85.0,0,3,19,2.8,1,2,52.4,75.9,87.5,practice_oriented_students,30.2,1,0
100.0,6.0,69.2,67.2,2,2,20,6.4,14,1,81.9,61.8,70.0,video_focused_students,45.2,0,3
36.8,2.2,44.3,26.5,10,1,7,10.2,3,2,70.6,0.0,44.5,at_risk_students,100.0,0,1
63.7,4.2,96.4,94.0,0,3,17,2.6,3,0,44.4,82.6,86.6,practice_oriented_students,31.2,1,0
51.5,10.7,66.0,68.8,7,5,28,1.1,7,4,64.7,48.5,66.9,catch_up_students,54.0,0,2
74.3,5.8,90.4,86.6,0,4,17,3.7,4,2,38.1,76.2,92.1,practice_oriented_students,31.2,1,0
92.7,6.6,79.5,66.6,2,2,17,2.8,14,1,49.3,61.8,73.1,video_focused_students,40.6,1,3
28.0,1.9,29.2,44.1,6,0,9,12.3,3,0,71.8,10.2,31.7,at_risk_students,98.4,0,1
88.8,6.0,69.6,64.7,3,5,20,4.6,13,0,51.4,57.4,82.0,video_focused_students,46.8,1,3
90.2,6.0,60.6,71.7,1,1,14,4.3,12,1,66.8,57.6,72.0,video_focused_students,45.4,1,3
77.0,6.2,74.5,71.3,1,19,24,2.2,6,8,52.6,73.7,82.6,social_learners,37.1,1,4
36.7,1.8,30.1,41.5,9,0,6,26.0,2,1,66.5,0.0,33.1,at_risk_students,100.0,0,1
88.6,5.5,63.5,61.7,3,5,15,0.8,16,0,72.4,53.4,71.0,video_focused_students,49.0,1,3
69.8,5.7,91.0,87.0,0,3,13,1.7,6,1,40.7,74.8,86.6,practice_oriented_students,32.0,1,0
30.1,2.2,31.0,35.0,7,1,6,19.8,1,0,75.6,0.0,37.3,at_risk_students,100.0,0,1
45.0,8.6,71.8,77.6,4,5,28,2.4,9,4,66.4,63.8,62.0,catch_up_students,48.1,0,2
72.0,4.8,67.7,81.0,2,16,21,1.6,6,10,26.0,65.7,72.0,social_learners,43.5,1,4
93.0,7.0,66.2,68.8,2,3,14,3.4,14,3,59.6,62.0,79.7,video_focused_students,43.9,1,3
89.9,6.5,66.5,77.1,2,2,13,2.0,19,1,55.8,60.6,83.0,video_focused_students,41.9,1,3
65.3,5.6,92.3,81.1,1,3,24,2.3,0,1,57.9,74.2,92.2,practice_oriented_students,32.1,1,0
87.3,5.7,65.9,72.5,1,1,16,2.8,14,0,67.7,67.6,64.7,video_focused_students,43.4,0,3
19.4,1.9,38.3,41.8,9,1,3,14.3,1,0,75.0,0.0,26.8,at_risk_students,100.0,0,1
92.5,6.4,76.4,73.9,3,1,16,1.9,12,1,56.2,58.7,64.5,video_focused_students,43.5,0,3
66.7,6.9,64.4,67.8,3,15,24,2.4,6,5,45.2,67.3,67.3,social_learners,48.3,0,4
19.7,1.2,13.0,51.2,12,1,2,8.2,2,1,64.5,0.0,40.2,at_risk_students,100.0,0,1
71.1,5.3,78.0,76.1,2,19,19,0.5,3,6,53.0,69.5,79.1,social_learners,40.3,1,4
92.0,7.8,70.8,72.4,3,2,15,2.2,15,2,61.6,53.7,82.2,video_focused_students,42.3,1,3
26.7,1.3,44.1,38.4,8,1,1,13.3,3,0,62.7,2.9,51.1,at_risk_students,100.0,0,1
23.8,1.6,18.6,30.0,7,0,3,10.5,2,1,88.0,0.0,31.3,at_risk_students,100.0,0,1
25.2,2.1,31.2,41.9,8,1,2,13.2,1,0,75.4,0.0,50.0,at_risk_students,100.0,0,1
85.8,6.6,63.9,75.6,2,3,15,2.5,9,1,69.2,66.0,74.9,video_focused_students,44.2,1,3
89.5,6.5,70.8,67.0,3,2,17,4.6,18,1,61.1,61.0,83.6,video_focused_students,46.2,1,3
58.0,9.7,63.9,52.1,4,4,26,0.7,11,5,55.6,53.9,55.2,catch_up_students,51.6,0,2
69.0,5.2,93.6,99.0,1,2,17,2.3,4,1,24.5,74.9,81.2,practice_oriented_students,32.1,1,0
63.2,5.7,93.2,92.4,1,3,16,2.8,5,2,41.7,71.2,90.5,practice_oriented_students,33.5,1,0
79.4,5.7,70.2,77.1,2,15,23,1.7,1,8,45.7,72.5,76.0,social_learners,40.5,1,4
21.2,0.4,21.2,35.4,8,2,7,16.3,2,2,70.8,0.0,29.8,at_risk_students,100.0,0,1
63.3,11.8,61.5,56.9,4,7,24,1.6,12,6,52.2,54.6,69.5,catch_up_students,48.2,0,2
75.3,5.6,96.1,75.9,2,4,18,2.8,5,0,40.4,68.4,82.1,practice_oriented_students,37.0,1,0
64.8,8.8,55.1,57.8,6,4,29,1.7,10,7,51.6,49.0,63.3,catch_up_students,56.7,0,2
87.2,7.1,67.6,65.7,2,3,17,1.9,14,1,89.6,59.6,75.0,video_focused_students,43.1,1,3
62.0,6.4,86.0,75.3,0,16,27,2.1,3,7,42.5,82.0,79.2,social_learners,32.3,1,4
75.7,5.1,66.0,79.2,1,16,24,0.8,3,8,51.0,72.6,83.4,social_learners,37.7,1,4
87.3,5.9,64.9,74.5,2,0,14,5.4,13,0,80.8,57.8,72.8,video_focused_students,47.8,1,3
89.2,6.2,80.7,78.0,3,3,13,5.5,10,1,48.9,60.3,58.7,video_focused_students,47.4,0,3
56.1,6.4,100.0,94.9,1,3,21,3.4,3,1,38.4,76.6,90.3,practice_oriented_students,30.6,1,0
67.7,10.7,64.8,76.8,5,9,29,3.5,8,4,57.4,66.8,68.2,catch_up_students,46.9,1,2
78.4,7.3,78.2,70.2,3,21,25,2.0,5,8,52.1,65.7,77.2,social_learners,40.3,1,4
52.7,9.7,60.8,64.7,6,5,31,1.0,9,6,39.3,58.3,58.7,catch_up_students,54.1,0,2
34.8,2.5,22.0,41.6,10,1,7,13.7,2,0,74.4,0.0,49.6,at_risk_students,100.0,0,1
66.5,6.7,85.1,78.4,1,19,22,1.5,3,11,26.7,71.3,81.8,social_learners,34.4,1,4
38.8,1.3,19.6,37.8,9,1,2,13.0,3,1,75.5,0.0,35.4,at_risk_students,100.0,0,1
90.1,6.4,74.6,67.7,2,2,16,3.9,19,1,43.0,61.7,75.3,video_focused_students,43.3,1,3
92.2,6.8,67.7,75.7,2,1,25,2.4,13,0,62.9,69.4,66.5,video_focused_students,39.4,1,3
30.3,2.0,10.8,55.5,7,3,7,18.0,1,1,66.3,0.0,38.3,at_risk_students,100.0,0,1
34.9,1.7,21.1,34.0,9,0,1,17.4,3,1,59.5,0.0,38.9,at_risk_students,100.0,0,1
62.2,6.7,91.5,85.8,2,3,19,1.8,3,0,43.7,69.7,89.7,practice_oriented_students,35.1,1,0
77.4,4.9,70.5,69.2,3,20,16,0.4,5,7,36.4,59.2,88.7,social_learners,45.4,1,4
68.8,7.0,71.7,74.3,2,12,28,2.0,8,6,39.6,71.3,70.0,social_learners,40.2,1,4
23.7,1.2,14.9,38.6,8,0,8,15.7,3,0,73.4,0.0,37.4,at_risk_students,100.0,0,1
72.2,7.0,69.5,75.0,1,21,24,2.1,8,10,53.1,67.3,68.5,social_learners,39.2,1,4
69.6,6.1,87.4,87.1,0,3,13,2.8,5,3,42.8,71.9,84.5,practice_oriented_students,33.8,1,0
61.2,6.2,84.4,87.8,0,3,15,2.7,4,2,36.1,68.2,82.4,practice_oriented_students,35.0,1,0
68.0,6.4,100.0,84.9,1,2,19,2.6,4,2,31.1,77.3,92.9,practice_oriented_students,30.2,1,0
71.1,8.5,69.1,77.8,1,22,26,1.2,6,9,42.9,73.3,81.5,social_learners,34.4,1,4
26.7,1.9,26.8,39.5,8,3,3,17.5,2,3,62.0,0.0,30.6,at_risk_students,100.0,0,1
59.1,5.5,84.4,89.2,0,2,21,0.8,6,0,48.8,72.6,91.5,practice_oriented_students,30.9,1,0
69.0,5.7,92.3,94.4,0,3,21,3.1,4,1,22.1,80.4,80.7,practice_oriented_students,29.7,1,0
66.4,6.8,88.3,86.8,1,2,22,3.2,5,3,24.0,75.4,87.0,practice_oriented_students,32.9,1,0
29.1,1.1,30.5,48.5,9,0,3,18.0,2,0,83.4,0.0,39.4,at_risk_students,100.0,0,1
22.3,1.4,27.9,55.0,11,1,6,18.8,1,2,63.7,0.0,41.2,at_risk_students,100.0,0,1
91.6,4.3,69.1,75.9,3,2,21,4.0,14,2,64.9,56.6,66.7,video_focused_students,47.0,1,3
94.8,6.5,72.8,72.9,3,2,17,4.3,18,0,58.3,65.8,78.9,video_focused_students,44.2,1,3
71.2,7.0,79.2,73.8,2,21,29,2.5,5,8,51.5,74.4,76.3,social_learners,37.4,1,4
97.5,5.9,65.4,72.6,4,2,14,2.6,18,0,54.0,57.0,92.1,practice_oriented_students,46.9,1,3
26.7,1.7,31.8,55.6,9,0,7,13.6,1,0,55.3,0.0,29.0,at_risk_students,100.0,0,1
60.0,3.1,88.8,85.6,0,5,16,3.2,4,1,29.3,68.0,86.6,practice_oriented_students,37.2,1,0
89.8,6.0,74.0,74.6,2,2,16,2.1,13,0,54.4,63.1,61.6,video_focused_students,42.7,1,3
53.1,12.0,68.1,73.4,6,10,26,0.0,9,6,55.2,59.9,67.2,catch_up_students,48.2,1,2
95.0,6.0,61.4,81.7,2,1,14,2.5,11,0,50.0,58.8,71.6,video_focused_students,43.6,1,3
67.5,6.1,90.0,87.4,1,4,18,3.4,4,2,32.1,72.3,76.1,practice_oriented_students,35.7,1,0
93.9,7.1,65.9,67.2,3,2,14,5.3,10,0,75.1,53.1,79.1,video_focused_students,48.4,1,3
91.8,4.6,62.6,71.7,2,2,19,3.0,10,1,59.4,61.4,71.9,video_focused_students,45.7,1,3
79.8,6.5,68.0,67.3,3,3,16,3.1,13,1,61.4,56.4,71.7,video_focused_students,48.8,1,3
84.8,6.0,57.5,77.2,2,3,12,6.4,11,1,68.8,50.4,66.1,video_focused_students,51.8,1,3
100.0,7.0,77.6,79.2,2,1,19,1.1,18,1,40.8,73.6,70.6,video_focused_students,35.4,1,3
94.6,6.1,60.2,71.6,2,2,20,2.1,14,1,49.5,63.6,63.8,video_focused_students,44.2,1,3
76.5,4.7,55.3,80.4,2,20,20,2.1,7,7,43.6,62.3,77.2,video_focused_students,46.3,1,4
33.8,1.5,14.4,56.8,8,0,5,16.2,2,1,70.6,0.0,39.7,at_risk_students,100.0,0,1
65.3,6.4,87.5,85.6,0,4,16,3.0,3,1,34.0,65.2,94.7,practice_oriented_students,32.3,1,0
56.3,4.9,89.8,79.9,0,1,15,3.5,5,1,28.0,64.1,77.8,practice_oriented_students,38.4,1,0
78.2,7.1,77.8,71.6,2,16,22,3.6,1,8,56.7,65.0,68.2,social_learners,41.4,1,4
25.4,0.9,29.8,45.0,9,0,5,12.9,2,3,72.0,0.0,26.1,at_risk_students,100.0,0,1
18.6,1.2,21.4,47.4,9,2,3,14.1,2,0,68.2,0.0,42.4,at_risk_students,100.0,0,1
99.0,6.7,75.1,75.4,1,1,13,2.1,13,2,72.0,64.8,75.2,video_focused_students,37.1,1,3
91.4,6.8,69.1,84.6,3,3,13,2.7,13,0,66.0,56.2,75.5,video_focused_students,43.6,1,3
66.5,4.3,92.8,89.4,1,3,20,2.4,1,0,45.0,76.1,94.2,practice_oriented_students,32.9,1,0
71.3,6.5,89.4,96.7,1,3,16,2.5,1,2,28.4,71.3,89.2,practice_oriented_students,31.6,1,0
68.5,6.2,85.3,84.3,2,17,26,2.8,3,8,32.4,80.8,83.7,social_learners,35.7,1,4
55.4,6.4,89.4,84.7,1,3,17,1.5,4,1,27.1,70.0,85.0,practice_oriented_students,35.4,1,0
83.9,7.6,51.6,69.3,2,2,18,5.3,11,2,63.6,60.0,61.0,video_focused_students,50.8,0,3
68.1,6.3,94.1,85.5,1,1,18,1.6,3,1,44.6,76.1,84.9,practice_oriented_students,32.1,1,0
67.6,6.1,72.2,71.8,2,18,18,0.3,6,6,49.4,58.2,81.7,social_learners,42.2,1,4
99.4,7.1,65.5,66.4,2,1,19,2.3,16,1,53.7,56.1,70.0,social_learners,41.9,1,3
25.8,2.1,9.9,49.5,10,2,5,19.5,1,2,63.3,0.0,21.5,at_risk_students,100.0,0,1
86.9,7.1,57.2,59.2,3,3,13,3.5,16,1,63.2,46.5,80.7,video_focused_students,51.6,0,3
57.9,9.2,57.9,63.6,5,4,30,0.5,10,4,56.9,59.7,48.0,catch_up_students,53.4,0,2
97.1,6.4,67.7,83.5,2,3,16,4.2,13,2,56.5,62.1,66.1,video_focused_students,42.5,1,3
25.5,2.1,35.4,30.2,8,0,9,17.1,2,0,71.0,0.0,43.1,at_risk_students,100.0,0,1
74.2,8.6,52.8,56.0,7,8,28,1.2,8,7,51.0,51.2,62.9,catch_up_students,59.0,0,2
56.4,9.5,67.4,76.2,6,8,28,0.7,11,5,42.6,57.9,62.4,catch_up_students,50.4,0,2
37.4,1.9,36.0,41.4,9,0,5,16.0,1,0,67.8,0.0,42.1,at_risk_students,100.0,0,1
30.3,1.6,2.0,34.6,10,0,5,21.5,1,1,58.0,0.0,54.3,at_risk_students,100.0,0,1
81.1,6.9,68.7,72.1,2,15,17,1.8,2,11,48.4,59.4,71.6,social_learners,43.0,0,4
19.3,2.2,42.9,45.5,8,1,3,23.2,2,3,84.9,0.0,20.6,at_risk_students,100.0,0,1
90.6,6.8,86.0,65.5,2,3,16,3.7,10,1,66.1,66.8,75.3,video_focused_students,40.2,1,3
78.6,6.4,67.0,72.4,2,18,22,1.0,3,5,45.1,62.6,68.2,social_learners,42.2,1,4
65.0,6.6,78.4,72.7,1,19,21,1.1,7,10,51.8,62.5,82.6,social_learners,37.2,1,4
29.7,2.2,28.1,39.4,8,1,4,19.0,0,0,91.4,0.0,31.7,at_risk_students,100.0,0,1
75.0,5.6,72.9,81.1,1,19,25,2.7,5,14,55.4,70.1,78.9,social_learners,37.1,1,4
73.1,7.4,98.9,91.9,0,3,14,0.6,4,2,43.2,78.8,90.0,catch_up_students,25.1,1,0
72.4,4.9,62.0,80.4,1,20,26,1.2,6,7,32.2,69.2,77.7,social_learners,39.5,1,4
75.9,4.5,94.5,83.0,1,3,19,1.2,2,2,50.2,73.3,89.9,practice_oriented_students,31.7,1,0
100.0,6.9,76.8,67.6,2,3,17,2.3,11,2,71.5,71.5,83.6,video_focused_students,38.0,1,3
71.1,7.5,78.3,70.1,1,18,22,1.8,7,10,57.6,70.1,65.4,social_learners,38.3,1,4
58.4,5.3,89.6,88.1,2,5,16,2.8,5,1,39.2,71.1,88.8,practice_oriented_students,39.1,1,0
60.7,6.6,96.6,89.6,1,3,19,2.3,0,1,30.7,78.8,79.9,practice_oriented_students,32.5,1,0
65.9,5.4,94.2,93.0,0,3,21,0.1,4,1,34.9,81.7,84.0,practice_oriented_students,27.1,1,0
64.4,6.2,100.0,85.2,2,3,23,3.0,5,1,31.0,78.6,87.5,practice_oriented_students,33.2,1,0
64.4,5.7,97.0,94.1,0,2,19,3.9,6,0,33.9,76.9,81.4,practice_oriented_students,30.6,1,0
58.9,4.4,89.7,89.4,1,3,22,0.3,6,1,41.9,76.1,79.1,practice_oriented_students,33.9,1,0
35.1,0.9,25.2,29.2,9,2,8,14.1,3,2,54.6,0.0,44.1,at_risk_students,100.0,0,1
59.9,6.7,88.2,87.1,1,4,16,1.4,4,2,54.3,70.0,78.0,practice_oriented_students,35.5,1,0
65.1,8.6,55.6,58.3,5,7,29,1.2,7,6,53.6,53.0,74.3,catch_up_students,52.3,0,2
57.8,10.8,62.3,61.4,5,10,26,0.7,11,1,64.2,57.0,70.0,catch_up_students,50.0,1,2
72.0,5.3,73.2,70.1,2,19,27,2.1,7,7,43.2,68.5,79.8,social_learners,41.0,1,4
60.7,5.1,95.5,92.4,0,4,16,2.2,7,2,42.4,72.6,98.5,practice_oriented_students,29.8,1,0
68.7,6.1,59.9,74.8,1,19,24,1.3,6,9,40.9,59.5,74.0,social_learners,41.7,1,4
21.8,1.7,17.4,34.4,7,1,6,17.4,2,0,64.8,0.0,33.9,at_risk_students,100.0,0,1
81.6,7.0,68.1,80.1,2,15,26,1.7,2,9,48.7,71.2,75.6,social_learners,37.8,1,4
31.3,1.7,26.3,42.2,7,0,1,18.0,1,1,74.7,0.0,44.0,at_risk_students,100.0,0,1
83.0,7.8,79.9,78.0,1,19,23,2.3,4,8,48.3,75.8,78.5,social_learners,32.9,1,4
64.9,7.8,88.9,78.7,1,15,25,3.0,3,8,48.6,74.3,82.2,social_learners,32.8,1,4
69.1,6.9,92.7,90.0,1,2,21,2.6,5,3,27.6,76.9,83.7,practice_oriented_students,30.9,1,0
32.5,1.6,17.1,39.6,9,2,6,17.6,2,1,63.8,0.0,40.9,at_risk_students,100.0,0,1
97.7,7.3,70.3,71.5,1,2,16,3.9,14,2,56.5,69.3,68.2,video_focused_students,39.9,1,3
24.3,1.6,24.2,39.3,9,4,5,18.3,0,1,83.3,0.0,42.0,at_risk_students,100.0,0,1
40.4,0.7,37.2,14.1,10,1,1,17.6,3,1,76.8,0.0,33.9,at_risk_students,100.0,0,1
99.7,7.7,56.1,62.9,2,0,16,4.1,9,2,66.8,55.7,69.2,video_focused_students,47.0,0,3
71.0,6.3,75.0,78.3,2,16,24,2.7,5,9,45.5,70.3,73.1,social_learners,40.7,1,4
92.9,6.8,66.2,70.0,2,0,17,3.9,16,0,77.2,58.3,70.3,video_focused_students,44.4,1,3
14.9,2.5,36.0,44.4,7,3,4,15.1,3,2,93.0,0.0,40.5,at_risk_students,100.0,0,1
81.8,6.6,74.9,75.6,2,1,17,5.1,14,1,55.6,52.6,79.1,video_focused_students,43.2,1,3
76.0,8.0,59.1,62.9,5,8,29,1.3,12,5,79.4,59.7,66.2,catch_up_students,50.6,0,2
88.3,7.7,60.0,59.1,2,3,16,3.0,7,1,67.3,58.8,60.5,video_focused_students,48.4,1,3
65.9,10.1,66.2,67.2,6,2,25,0.7,10,6,56.6,58.3,73.9,catch_up_students,50.0,0,2
28.7,1.3,23.5,41.9,4,3,6,13.9,4,1,72.3,12.5,33.1,at_risk_students,97.9,0,1
73.9,7.4,77.5,75.7,3,25,24,1.9,5,11,42.2,62.9,75.3,social_learners,40.6,1,4
23.4,1.7,39.2,43.8,7,0,8,19.9,2,1,82.2,3.3,28.1,at_risk_students,100.0,0,1
28.4,1.3,28.3,34.8,7,2,7,14.9,2,0,69.5,0.0,32.4,at_risk_students,100.0,0,1
61.3,10.1,68.1,69.2,5,7,27,1.5,11,4,43.4,58.2,66.2,catch_up_students,48.2,0,2
68.5,6.8,100.0,86.0,0,2,19,2.4,2,1,20.2,76.4,92.6,practice_oriented_students,26.9,1,0
64.4,5.8,72.3,75.9,2,21,25,2.7,8,9,46.7,70.3,83.1,social_learners,41.7,1,4
83.7,6.1,66.4,76.7,2,3,20,5.4,17,0,65.9,57.4,68.7,video_focused_students,45.8,1,3
80.9,6.7,86.1,77.1,4,18,23,0.6,7,7,41.8,72.8,84.7,social_learners,38.5,1,4
89.2,6.8,67.6,76.7,3,2,22,4.9,12,2,75.6,67.0,87.0,video_focused_students,43.3,1,3
71.7,6.8,84.0,78.6,2,17,22,1.7,5,11,45.1,68.1,77.3,social_learners,37.0,1,4
81.2,7.8,75.2,79.4,2,19,24,1.9,5,9,44.6,76.6,75.5,social_learners,36.4,1,4
65.8,5.2,68.3,75.4,2,19,24,2.3,4,8,46.8,61.8,67.5,social_learners,45.1,0,4
77.6,6.5,77.7,65.0,1,19,15,2.9,1,10,39.9,71.7,83.3,social_learners,40.7,0,4
31.9,0.8,28.4,37.1,9,0,7,10.9,3,1,57.0,0.0,53.9,at_risk_students,100.0,0,1
35.5,1.3,24.3,40.1,11,1,5,15.3,2,2,71.0,0.0,34.1,at_risk_students,100.0,0,1
64.6,5.6,83.0,74.8,2,10,25,1.7,4,8,43.0,73.7,64.3,social_learners,40.7,1,4
71.1,5.4,65.2,77.3,3,18,19,2.0,5,10,51.9,60.5,59.1,social_learners,49.5,0,4
48.0,9.3,64.3,49.9,6,8,28,0.6,8,7,41.9,49.5,73.5,catch_up_students,55.9,0,2
82.5,6.7,71.7,64.0,3,2,14,4.9,6,1,75.0,54.7,83.1,video_focused_students,48.8,1,3
87.8,6.6,71.3,67.2,3,4,16,1.3,9,2,61.5,57.7,79.1,video_focused_students,44.3,1,3
90.2,6.2,65.6,64.8,4,2,18,2.6,10,1,70.8,53.2,69.4,video_focused_students,50.3,1,3
76.0,7.8,76.1,79.9,2,14,20,0.8,2,10,49.3,60.3,77.5,social_learners,37.1,1,4
61.5,7.7,87.2,83.9,0,3,15,1.0,1,2,41.7,68.2,97.9,practice_oriented_students,30.0,1,0
18.0,1.5,20.8,43.2,10,2,3,19.5,2,1,63.9,0.0,32.4,at_risk_students,100.0,0,1
28.2,1.6,44.6,50.7,8,1,5,16.5,1,1,85.5,0.1,24.9,at_risk_students,100.0,0,1
63.8,7.7,97.0,92.7,1,3,14,3.1,5,2,34.3,71.4,86.1,practice_oriented_students,31.9,1,0
47.7,10.2,60.8,54.5,3,6,31,2.4,11,9,53.7,57.4,72.6,catch_up_students,48.0,0,2
22.3,0.7,35.3,33.2,8,0,5,22.2,4,0,67.5,0.0,27.7,at_risk_students,100.0,0,1
62.8,6.0,91.1,96.1,1,4,10,2.1,8,2,21.2,63.0,85.1,practice_oriented_students,35.3,1,0
67.2,5.2,93.1,75.0,0,3,21,0.1,3,2,24.4,77.4,88.4,practice_oriented_students,30.0,1,0
64.8,5.7,96.4,81.4,1,3,18,3.1,5,0,37.1,69.4,95.9,practice_oriented_students,33.4,1,0
90.0,6.7,58.2,80.5,2,3,14,2.5,17,2,63.7,57.5,78.3,video_focused_students,43.9,1,3
87.7,7.5,63.8,80.9,2,2,18,3.5,12,1,69.2,62.4,68.4,video_focused_students,42.7,1,3
64.1,9.4,75.5,61.7,5,6,25,0.5,9,7,53.7,62.6,61.1,catch_up_students,48.4,1,2
72.3,5.1,91.0,97.1,1,3,20,3.3,3,1,43.4,76.7,80.0,practice_oriented_students,32.8,1,0
61.1,5.4,94.9,86.4,0,3,15,2.7,6,1,34.4,65.9,89.2,practice_oriented_students,32.6,1,0
48.7,1.6,24.0,45.7,11,2,1,18.0,5,2,59.5,0.0,40.8,at_risk_students,100.0,0,1
67.3,6.4,68.9,72.7,3,17,21,0.8,1,5,47.9,59.3,82.9,social_learners,44.4,1,4
53.0,9.3,52.4,70.9,7,2,27,2.1,7,6,63.8,48.9,65.6,catch_up_students,59.7,0,2
40.6,1.7,20.7,30.7,10,0,4,16.4,1,1,95.0,0.0,36.8,at_risk_students,100.0,0,1
74.4,7.6,75.0,74.5,0,12,17,2.1,2,11,47.2,65.1,75.5,social_learners,36.0,1,4
62.0,5.0,97.8,89.8,1,4,18,2.6,2,3,31.4,73.5,96.3,practice_oriented_students,32.2,1,0
63.1,10.6,54.3,71.6,7,5,28,0.8,9,8,46.0,56.4,57.5,catch_up_students,55.7,0,2
41.8,1.5,26.0,33.1,9,0,6,17.1,2,1,62.1,0.0,45.3,at_risk_students,100.0,0,1
72.5,11.0,49.0,58.7,6,6,25,1.5,10,9,52.0,44.3,74.3,catch_up_students,54.6,0,2
94.6,7.7,62.3,72.1,1,2,19,2.8,12,0,56.8,65.7,85.3,video_focused_students,37.8,1,3
24.8,0.9,16.9,51.2,8,3,5,15.9,3,0,73.0,0.0,37.5,at_risk_students,100.0,0,1
66.2,7.4,72.4,70.6,2,16,28,2.1,5,10,55.7,73.6,81.7,social_learners,39.3,1,4
91.8,7.8,67.5,72.2,4,4,16,2.8,17,2,64.5,57.5,70.7,video_focused_students,47.4,1,3
69.0,6.4,75.6,73.7,2,21,26,1.6,7,8,37.1,70.6,81.0,social_learners,38.8,1,4
37.2,2.1,27.0,40.5,7,0,3,15.8,0,0,68.5,0.0,35.8,at_risk_students,100.0,0,1
99.6,7.3,64.6,71.6,2,1,14,5.1,12,0,61.7,52.5,73.8,video_focused_students,44.7,1,3
70.3,6.3,100.0,94.3,2,6,20,2.4,6,0,36.9,77.9,83.1,practice_oriented_students,31.5,1,0
22.2,1.9,23.9,21.7,7,0,3,17.5,2,2,78.5,0.0,48.7,video_focused_students,100.0,0,1
71.5,6.7,94.5,94.4,0,3,17,3.5,7,0,47.3,73.3,80.0,practice_oriented_students,29.5,1,0
64.4,4.5,95.6,91.4,1,3,18,2.2,7,0,28.3,71.2,87.0,practice_oriented_students,33.3,1,0
65.4,5.3,93.3,91.1,1,3,18,2.2,1,1,32.4,75.6,94.6,practice_oriented_students,32.1,1,0
60.9,5.6,88.0,84.5,2,4,15,1.7,4,2,21.9,66.5,77.4,practice_oriented_students,40.3,1,0
54.9,9.7,64.3,61.9,5,8,29,0.7,10,6,67.7,60.8,71.3,catch_up_students,49.9,0,2
23.3,1.6,23.9,29.9,10,2,4,18.2,2,2,57.6,0.0,36.5,at_risk_students,100.0,0,1
87.9,4.8,61.5,71.6,2,4,18,3.6,13,2,57.3,56.6,72.0,video_focused_students,47.3,1,3
60.7,8.8,60.1,67.1,5,5,27,1.4,9,4,43.3,55.2,65.6,catch_up_students,52.0,0,2
28.4,2.1,30.6,44.0,8,0,3,13.9,2,0,72.0,0.0,28.3,at_risk_students,100.0,0,1
63.6,5.1,88.6,90.1,2,3,17,3.4,0,3,55.6,67.3,70.8,practice_oriented_students,40.7,1,0
25.1,1.5,31.5,38.0,7,1,6,11.9,0,3,64.6,1.4,36.6,at_risk_students,100.0,0,1
99.9,7.3,58.9,63.7,2,2,11,4.8,10,2,76.6,53.7,71.3,video_focused_students,48.7,0,3
62.4,9.0,52.3,60.7,5,5,30,0.7,13,2,66.9,55.4,56.9,catch_up_students,53.9,0,2
24.6,2.1,37.0,49.7,8,1,3,12.5,1,1,73.5,1.0,18.9,at_risk_students,100.0,0,1
79.7,5.8,65.6,78.8,0,20,22,3.4,2,10,46.2,66.0,75.0,social_learners,38.1,1,4
94.4,8.2,74.0,68.4,1,1,20,2.3,17,2,64.6,71.6,70.9,at_risk_students,35.9,1,3
55.4,10.2,59.8,56.6,6,6,29,0.9,8,8,66.4,50.9,72.1,catch_up_students,53.9,0,2
97.9,6.5,64.2,83.2,2,4,12,4.3,19,1,59.9,62.5,64.8,at_risk_students,44.9,1,3
65.5,4.8,99.2,93.8,1,2,23,1.8,2,0,30.8,79.3,78.3,practice_oriented_students,30.5,1,0
89.1,7.1,63.7,72.4,4,2,17,1.0,18,1,70.4,58.8,72.1,video_focused_students,47.3,1,3
23.8,2.2,18.9,46.0,8,1,4,16.2,1,1,71.4,0.0,32.6,at_risk_students,100.0,0,1
87.9,6.7,62.0,86.1,3,2,20,0.3,5,1,51.0,65.5,71.3,video_focused_students,41.7,1,3
50.0,9.9,61.1,65.8,5,9,28,2.4,8,6,53.5,55.9,62.4,catch_up_students,53.4,0,2
57.0,3.5,81.6,83.4,3,17,19,1.4,5,6,60.2,64.8,90.4,social_learners,44.1,1,4
84.5,8.0,68.5,70.3,3,1,16,1.2,16,1,71.3,58.2,71.6,video_focused_students,44.2,1,3
94.8,6.1,65.1,72.0,2,0,15,4.8,12,1,63.3,55.8,72.1,video_focused_students,46.0,1,3
96.0,6.0,65.8,63.7,3,2,13,3.6,9,0,50.3,58.1,65.5,video_focused_students,50.4,0,3
75.8,5.5,78.6,69.8,2,17,30,2.4,4,9,64.1,72.0,67.2,social_learners,39.6,1,4
24.1,1.5,14.6,51.6,7,1,7,15.9,1,0,68.7,0.0,30.4,at_risk_students,100.0,0,1
70.1,6.0,93.8,95.2,1,2,16,2.0,4,0,19.8,75.1,83.6,practice_oriented_students,31.7,1,0
35.4,2.7,31.1,51.4,10,3,9,19.3,3,1,70.6,0.0,34.6,at_risk_students,100.0,0,1
90.0,4.9,78.3,70.7,3,3,17,5.8,9,3,70.7,64.8,74.5,video_focused_students,47.4,0,3
25.0,2.4,10.1,44.0,9,3,2,21.6,1,1,58.8,0.0,27.1,at_risk_students,100.0,0,1
63.2,8.8,51.3,58.8,6,5,28,1.7,12,4,45.6,51.1,65.6,catch_up_students,57.7,0,2
20.8,1.3,23.3,32.2,10,0,2,14.8,2,0,64.9,0.0,34.0,at_risk_students,100.0,0,1
22.4,2.4,28.9,31.7,9,1,7,13.9,3,1,85.9,0.0,50.9,at_risk_students,100.0,0,1
30.5,1.6,38.4,39.7,8,1,3,17.9,1,2,58.1,0.1,39.3,at_risk_students,100.0,0,1
100.0,6.5,68.8,75.4,3,2,19,4.3,18,2,77.7,57.8,79.3,video_focused_students,43.3,1,3
88.1,8.0,68.2,78.4,2,3,15,6.0,14,2,44.7,60.4,72.4,video_focused_students,44.3,1,3
95.8,6.5,68.3,79.1,0,3,15,2.0,14,2,70.3,71.2,72.1,video_focused_students,35.8,1,3
72.5,5.7,70.2,81.0,2,14,18,2.5,4,9,56.9,62.6,69.1,social_learners,44.2,1,4
29.7,2.3,14.4,44.1,10,1,5,17.5,2,2,76.6,0.0,28.2,at_risk_students,100.0,0,1
74.1,5.0,73.3,77.2,1,16,19,2.3,5,5,49.8,68.3,76.7,social_learners,40.6,1,4
21.4,1.3,20.7,39.2,9,1,4,14.8,5,0,65.4,0.0,70.9,at_risk_students,100.0,0,1
95.2,6.1,73.5,70.7,2,4,18,5.1,14,1,66.9,64.3,81.5,video_focused_students,42.2,1,3
33.0,1.8,27.0,40.2,7,1,5,14.5,2,1,78.7,0.7,44.6,at_risk_students,100.0,0,1
100.0,6.7,67.5,69.9,2,4,20,4.2,13,2,62.6,66.1,71.7,video_focused_students,42.2,1,3
67.3,6.1,95.4,84.9,1,2,16,1.6,2,2,28.2,75.9,82.8,practice_oriented_students,33.2,1,0
25.7,1.2,31.7,46.6,10,2,5,14.2,1,2,78.6,0.0,31.1,at_risk_students,100.0,0,1
50.1,9.7,57.7,55.4,4,3,27,1.1,8,6,53.5,52.6,69.6,catch_up_students,52.0,0,2
73.7,5.2,77.2,70.4,2,16,26,0.8,4,9,56.4,71.4,87.0,social_learners,38.2,1,4
89.6,7.7,62.3,74.5,0,1,17,1.4,14,2,58.0,65.4,66.2,video_focused_students,37.3,1,3
72.4,6.4,72.2,86.0,1,21,20,1.9,7,10,43.6,70.5,80.3,social_learners,36.9,1,4
94.1,8.3,70.8,75.4,3,1,17,1.9,11,3,60.0,66.1,67.8,at_risk_students,41.7,1,3
54.9,10.7,61.3,50.5,6,5,31,0.8,12,9,47.2,54.1,63.5,catch_up_students,54.4,0,2
28.9,1.6,23.0,39.4,9,1,4,14.1,2,1,66.6,0.0,41.2,at_risk_students,100.0,0,1
89.6,6.1,77.8,72.1,2,2,16,1.6,12,0,59.8,61.8,55.1,video_focused_students,42.4,1,3
95.2,7.9,76.3,76.0,2,1,19,3.6,20,1,77.8,71.9,71.9,video_focused_students,38.3,1,3
85.9,6.4,61.8,64.6,3,2,16,4.4,7,2,59.2,55.1,76.7,video_focused_students,50.6,1,3
57.3,7.4,61.5,64.6,4,6,27,0.3,11,4,50.7,62.0,61.3,catch_up_students,50.9,0,2
66.4,5.5,94.9,94.7,1,4,20,0.7,2,1,30.2,72.6,80.6,practice_oriented_students,30.3,1,0
25.2,1.7,18.7,39.7,8,2,5,18.4,2,0,70.1,0.0,25.6,at_risk_students,100.0,0,1
75.3,5.1,74.1,79.4,2,15,23,2.0,8,5,39.7,68.2,93.8,social_learners,38.5,1,4
69.5,3.8,75.4,80.9,1,16,26,0.2,2,8,41.0,71.4,75.2,social_learners,37.0,1,4
90.3,7.2,69.2,73.2,1,2,15,3.2,16,0,72.8,65.5,83.1,video_focused_students,39.0,1,3
42.7,10.6,61.9,57.0,7,4,27,1.6,8,5,62.7,49.5,66.7,catch_up_students,59.4,0,2
66.0,3.8,88.6,91.8,0,3,19,3.8,3,0,35.6,74.4,89.1,practice_oriented_students,33.7,1,0
68.2,6.4,76.7,73.6,2,17,25,2.0,6,7,42.0,71.0,84.3,social_learners,39.1,1,4
28.3,0.5,20.4,47.6,8,1,1,14.6,2,1,80.6,0.0,35.9,at_risk_students,100.0,0,1
71.8,5.2,62.9,69.5,3,16,24,1.3,1,10,29.6,61.3,73.7,social_learners,47.6,1,4
52.9,7.7,54.6,57.0,5,8,26,1.4,10,7,52.9,48.9,71.3,catch_up_students,57.1,0,2
83.5,4.7,70.3,74.6,3,1,20,2.8,14,2,75.7,60.5,70.8,video_focused_students,46.6,0,3
82.3,6.7,76.7,94.7,2,13,22,0.9,4,7,42.3,79.1,68.6,social_learners,34.8,1,4
64.9,6.6,94.9,89.4,1,3,20,3.0,4,1,48.2,76.3,84.1,practice_oriented_students,32.1,1,0
69.3,5.6,71.9,73.0,1,15,24,2.9,6,3,52.1,70.0,73.7,social_learners,40.9,1,4
90.0,6.7,67.9,80.1,2,3,19,4.6,8,2,58.3,61.5,78.0,video_focused_students,41.7,1,3
100.0,6.0,74.9,72.7,2,2,12,3.5,10,1,69.4,56.9,74.8,video_focused_students,42.3,1,3
66.0,5.4,96.0,87.2,0,5,18,2.1,3,2,31.8,74.5,77.7,practice_oriented_students,31.3,1,0
70.2,5.7,98.5,91.7,1,3,19,1.3,4,1,22.5,77.1,85.9,practice_oriented_students,29.5,1,0
56.8,5.6,91.1,92.8,1,5,20,1.7,4,1,42.9,71.6,79.0,practice_oriented_students,34.1,1,0
80.4,4.3,82.2,75.2,0,8,18,1.8,5,9,42.6,71.0,70.4,social_learners,36.4,1,4
74.4,5.6,79.4,72.3,1,15,26,1.7,4,10,64.1,78.1,78.3,social_learners,36.0,1,4
63.0,5.9,87.9,87.0,0,3,16,1.9,5,1,21.1,67.1,82.5,practice_oriented_students,33.2,1,0
68.5,6.1,89.9,89.2,1,2,20,3.1,6,0,45.4,76.0,84.0,practice_oriented_students,33.4,1,0
89.9,4.9,66.2,72.5,2,4,13,2.6,10,0,70.3,56.1,83.3,video_focused_students,45.0,1,3
66.1,7.5,80.7,75.4,1,13,24,2.3,1,7,59.9,76.3,75.7,social_learners,36.1,1,4
60.6,5.6,92.5,83.2,0,5,15,3.4,3,1,40.5,71.6,83.4,practice_oriented_students,35.0,1,0
93.2,4.8,66.6,77.1,3,1,12,2.4,14,0,61.9,55.8,75.2,video_focused_students,47.4,1,3
67.1,5.4,85.3,88.7,0,2,19,3.8,4,2,24.4,73.2,88.5,practice_oriented_students,33.4,1,0
69.8,6.1,80.4,75.4,1,25,20,1.7,6,9,45.5,68.4,75.9,social_learners,37.8,1,4
76.8,5.7,95.4,86.3,1,3,13,2.0,3,2,26.4,68.4,83.5,practice_oriented_students,33.2,1,0
67.8,6.8,79.8,75.1,1,13,26,0.7,6,8,50.0,71.9,79.8,social_learners,34.1,1,4
77.3,5.7,57.5,79.9,1,18,27,1.8,7,8,59.7,70.4,70.6,social_learners,40.2,1,4
25.7,2.3,21.5,57.6,11,1,6,20.2,1,0,83.6,0.0,40.7,at_risk_students,100.0,0,1
58.7,6.1,69.5,81.5,2,19,24,0.5,6,9,57.0,61.9,89.7,social_learners,39.5,1,4
68.5,6.5,74.1,74.6,3,14,20,0.9,4,6,46.6,60.0,76.0,social_learners,43.8,1,4
65.7,6.9,92.2,87.9,0,3,20,1.7,5,0,42.1,80.0,83.5,practice_oriented_students,29.0,1,0
37.6,1.1,13.2,33.5,7,0,6,16.0,2,1,65.0,0.0,54.5,at_risk_students,100.0,0,1
77.8,6.1,86.2,72.8,2,20,21,1.1,6,9,35.7,63.1,70.2,social_learners,38.0,1,4
64.7,5.8,86.2,82.5,1,2,18,2.8,9,1,44.9,64.1,82.0,practice_oriented_students,37.1,1,0
63.4,6.3,69.3,64.3,3,15,18,2.6,4,10,41.1,55.6,73.8,social_learners,50.3,1,4
69.8,5.8,95.1,91.7,1,3,14,2.9,4,1,46.2,76.2,78.4,practice_oriented_students,34.3,1,0
74.9,5.9,64.0,75.2,2,19,22,0.0,2,12,38.3,62.5,85.6,catch_up_students,40.5,1,4
31.4,1.3,37.7,39.7,9,1,6,21.5,2,3,64.9,0.0,45.6,video_focused_students,100.0,0,1
59.5,9.5,54.2,65.9,6,6,28,1.1,9,5,48.8,47.7,86.3,catch_up_students,52.6,0,2
54.5,11.5,50.4,66.4,6,7,30,2.1,9,5,39.1,48.7,65.8,catch_up_students,54.8,0,2
62.9,6.7,63.8,76.9,1,14,26,2.3,7,11,40.8,63.5,86.0,social_learners,39.4,1,4
70.0,5.5,77.7,81.7,2,18,23,2.3,6,9,48.6,64.7,82.1,social_learners,39.3,1,4
17.3,1.8,38.1,34.7,9,2,1,14.2,2,0,61.2,0.0,49.0,at_risk_students,100.0,0,1
70.4,6.1,95.2,86.4,1,2,22,3.9,7,1,28.4,78.4,94.7,practice_oriented_students,31.0,1,0
22.6,1.9,16.3,44.7,10,3,6,11.2,2,3,62.3,0.0,37.4,at_risk_students,100.0,0,1
87.9,5.6,68.1,83.3,1,16,23,2.7,6,9,43.8,84.3,84.3,social_learners,36.1,1,4
91.5,5.8,64.2,70.7,2,2,21,5.5,13,0,72.7,57.4,72.7,video_focused_students,45.8,1,3
96.1,4.9,63.1,71.3,3,1,14,4.7,12,2,53.1,57.3,63.5,video_focused_students,51.6,1,3
33.5,1.4,18.6,51.2,7,2,8,19.0,1,0,68.9,0.0,25.0,at_risk_students,100.0,0,1
94.2,6.0,72.1,74.7,3,3,19,4.3,16,0,61.0,62.3,72.7,video_focused_students,44.7,1,3
69.2,6.3,92.3,84.3,1,3,15,2.0,1,1,34.4,74.9,83.6,practice_oriented_students,34.2,1,0
69.5,7.9,97.3,87.8,0,2,17,1.4,3,1,35.2,73.6,89.9,practice_oriented_students,26.1,1,0
90.2,6.6,79.0,73.4,1,2,18,3.3,9,3,53.4,69.7,77.6,video_focused_students,36.8,1,3
74.5,6.4,90.8,93.5,0,3,14,1.1,4,1,22.4,72.4,90.0,practice_oriented_students,28.1,1,0
24.5,1.1,25.6,30.8,10,1,5,18.1,1,0,75.1,0.0,27.0,at_risk_students,100.0,0,1
93.6,5.8,64.3,66.6,4,3,15,4.4,9,0,62.8,52.2,76.2,video_focused_students,52.1,1,3
27.5,1.6,22.6,35.2,9,1,5,11.9,1,1,85.7,0.0,39.5,at_risk_students,100.0,0,1
19.0,2.4,26.5,33.0,8,0,8,15.3,2,2,63.6,0.0,39.9,at_risk_students,100.0,0,1
67.3,5.9,93.5,88.2,1,4,14,1.8,5,1,39.7,72.1,100.0,practice_oriented_students,32.1,1,0
89.5,6.0,66.1,76.3,3,2,15,2.9,12,2,68.7,60.3,66.0,video_focused_students,47.6,1,3
75.8,6.1,83.4,73.5,2,19,20,1.7,4,7,43.5,66.5,83.7,social_learners,38.1,1,4
92.6,5.7,71.1,63.5,3,1,16,1.4,13,2,55.5,60.7,68.7,video_focused_students,46.5,1,3
53.8,7.7,95.1,91.5,1,1,20,1.6,5,1,37.9,77.2,82.4,practice_oriented_students,31.1,1,0
73.7,11.7,74.1,73.2,5,8,28,0.1,13,7,53.7,63.9,55.2,video_focused_students,42.2,0,2
64.6,7.9,63.3,56.3,4,6,27,1.8,7,3,34.9,62.7,47.5,catch_up_students,53.3,1,2
27.6,1.3,22.6,46.9,8,1,5,14.0,1,1,61.2,0.0,42.5,at_risk_students,100.0,0,1
72.9,5.7,96.7,79.0,1,3,24,0.0,4,2,29.7,81.5,85.7,practice_oriented_students,28.9,1,0
38.0,1.9,35.6,35.8,8,1,3,17.7,2,0,76.0,0.0,26.6,at_risk_students,100.0,0,1
35.1,1.5,30.1,40.6,10,1,2,19.5,2,2,77.9,0.0,30.3,at_risk_students,100.0,0,1
64.5,6.7,92.3,93.1,1,3,17,2.5,6,1,40.2,73.1,87.3,practice_oriented_students,32.1,1,0
80.2,6.4,75.3,71.8,2,18,26,2.5,3,10,46.3,75.0,71.1,social_learners,39.7,1,4
92.3,7.4,72.6,80.4,3,1,22,5.2,11,0,66.0,67.2,71.1,video_focused_students,42.4,1,3
88.2,5.9,70.3,68.8,2,1,15,4.6,15,0,52.7,60.4,73.1,video_focused_students,46.3,1,3
69.9,6.6,83.0,77.2,0,18,29,0.6,5,8,47.8,85.2,78.2,social_learners,29.3,1,4
97.4,6.7,65.9,68.0,1,2,22,4.2,15,1,60.0,73.9,79.9,video_focused_students,39.1,1,3
95.0,6.8,69.3,67.5,1,1,16,3.0,9,1,59.5,62.8,64.8,video_focused_students,41.4,1,3
22.7,2.2,9.8,21.1,9,1,6,14.1,1,1,66.6,0.0,53.5,at_risk_students,100.0,0,1
75.3,9.3,65.4,68.2,6,7,28,1.3,9,6,70.2,59.7,74.7,catch_up_students,48.7,1,2
67.8,6.1,79.7,84.9,1,16,30,1.9,9,8,49.0,82.4,75.2,social_learners,33.3,1,4
19.8,1.5,32.3,37.8,8,2,7,14.4,2,0,62.0,0.0,39.2,at_risk_students,100.0,0,1
53.0,8.4,64.6,47.3,4,2,29,0.0,10,8,67.4,57.6,50.6,catch_up_students,53.1,0,2
85.0,6.7,75.4,75.6,2,3,9,2.3,11,1,60.4,57.0,72.0,video_focused_students,43.6,1,3
68.7,6.0,91.9,90.0,1,2,18,3.5,2,3,25.3,70.0,84.9,practice_oriented_students,33.7,1,0
63.5,5.4,91.5,88.5,1,3,7,2.3,4,2,46.5,64.8,85.9,practice_oriented_students,38.1,1,0
94.8,6.3,60.9,70.9,3,2,20,2.3,16,0,63.8,63.0,74.5,video_focused_students,45.4,1,3
21.8,2.1,38.9,33.7,6,1,4,15.5,3,1,68.3,5.9,37.0,at_risk_students,100.0,0,1
59.8,4.8,93.6,82.4,0,4,20,1.8,5,1,40.8,67.7,90.6,practice_oriented_students,31.7,1,0
76.1,5.9,74.2,80.5,2,22,26,1.7,5,2,44.4,73.0,68.9,social_learners,39.0,1,4
94.5,7.9,67.8,85.7,2,1,14,2.9,15,0,59.6,61.8,71.9,video_focused_students,39.8,1,3
94.2,7.7,66.0,79.2,1,1,12,3.5,17,0,58.2,63.1,71.5,video_focused_students,40.4,1,3
54.3,8.2,56.4,72.4,5,5,30,0.8,13,8,54.4,64.6,53.0,catch_up_students,53.4,0,2
89.4,7.6,72.2,79.9,2,2,12,4.6,13,1,60.8,56.8,71.2,video_focused_students,43.2,1,3
73.4,5.4,95.2,90.2,1,1,14,1.3,0,2,38.9,66.1,86.8,practice_oriented_students,32.0,1,0
66.0,7.7,90.2,92.3,1,3,22,1.8,3,2,36.4,75.0,93.5,practice_oriented_students,28.6,1,0
74.6,6.7,74.8,73.0,2,16,26,1.6,2,5,33.2,67.2,80.7,social_learners,38.2,1,4
73.8,6.2,76.6,76.9,0,16,24,3.3,8,5,44.2,78.6,67.6,social_learners,36.1,1,4
75.1,6.4,82.3,83.3,3,18,22,2.5,7,8,44.2,73.7,83.8,social_learners,39.0,1,4
89.7,7.1,70.9,68.9,4,2,18,6.3,12,1,52.0,51.3,71.8,video_focused_students,50.5,1,3
68.1,5.7,92.6,91.8,0,3,20,0.2,5,0,35.1,84.2,80.0,practice_oriented_students,28.1,1,0
15.4,1.8,21.7,25.5,9,0,3,14.0,3,2,82.0,0.0,36.5,at_risk_students,100.0,0,1
81.8,7.4,76.8,68.9,1,23,19,0.8,7,7,37.5,69.9,86.2,social_learners,35.0,1,4
66.1,8.1,73.9,84.4,2,15,21,3.1,8,4,51.4,62.7,76.3,social_learners,39.8,1,4
17.6,1.5,18.6,34.5,9,0,8,17.7,4,1,65.5,0.0,55.6,at_risk_students,100.0,0,1
32.0,1.1,30.7,44.3,10,2,8,15.6,1,3,55.7,0.0,23.7,at_risk_students,100.0,0,1
91.9,7.6,56.0,69.0,1,3,11,1.5,15,2,60.7,57.7,77.0,video_focused_students,43.0,1,3
60.5,6.4,95.5,92.5,1,2,20,2.2,3,1,30.5,71.5,92.3,social_learners,30.5,1,0
71.0,7.8,80.3,66.2,3,21,19,0.0,5,10,59.7,67.9,71.8,social_learners,42.1,0,4
64.2,5.5,97.6,94.5,1,2,21,2.8,1,0,44.3,74.2,85.9,practice_oriented_students,30.9,1,0
29.5,1.7,12.6,56.0,10,1,4,17.3,1,1,57.7,0.0,37.3,at_risk_students,100.0,0,1
82.9,6.4,75.2,63.9,1,18,24,0.0,5,9,57.3,65.4,73.1,social_learners,36.3,1,4
19.3,2.1,3.3,35.0,10,1,7,10.3,0,2,72.0,0.0,39.0,at_risk_students,100.0,0,1
19.0,2.3,46.8,43.4,8,0,2,21.4,1,1,77.6,0.0,52.8,at_risk_students,100.0,0,1
73.4,5.7,70.6,78.5,2,23,24,2.8,3,9,41.2,69.7,79.4,social_learners,41.3,1,4
74.9,10.9,70.4,69.1,7,3,31,0.5,9,6,63.9,59.7,55.8,catch_up_students,48.9,1,2
71.9,7.1,94.6,78.5,1,13,22,1.0,6,9,43.3,74.9,88.9,social_learners,29.5,1,4
31.5,2.1,35.2,42.9,10,0,7,19.2,4,0,61.9,0.0,46.2,at_risk_students,100.0,0,1
71.3,5.4,91.3,82.6,0,3,16,1.4,3,1,51.0,74.7,84.6,practice_oriented_students,31.7,1,0
69.5,4.8,64.6,68.8,2,20,18,1.3,2,7,55.6,58.4,74.3,social_learners,47.5,1,4
75.7,5.6,75.0,71.0,2,19,19,2.0,5,9,53.7,63.1,79.9,social_learners,42.2,1,4
86.6,5.7,48.8,71.6,2,2,10,2.5,14,0,65.3,49.1,69.1,video_focused_students,51.8,1,3
70.8,6.0,89.7,85.7,1,2,17,1.8,4,0,21.2,74.8,90.1,practice_oriented_students,33.0,1,0
60.6,10.6,65.8,59.7,4,6,28,1.3,10,3,57.4,60.0,68.8,catch_up_students,46.6,1,2
83.1,5.7,81.7,71.6,3,21,22,3.3,6,6,44.0,69.6,83.8,social_learners,41.5,1,4
90.3,7.0,65.0,86.1,2,2,20,2.9,16,0,58.4,71.7,80.3,video_focused_students,38.9,1,3
61.6,6.4,90.5,86.7,1,2,12,0.8,4,0,33.6,71.8,78.6,practice_oriented_students,35.8,1,0
85.7,7.0,62.2,70.1,4,2,15,2.0,16,0,58.5,50.9,72.7,video_focused_students,50.2,1,3
97.0,5.7,80.6,63.5,3,2,14,2.8,13,1,54.6,58.0,71.4,video_focused_students,45.1,0,3
52.3,8.4,57.6,66.5,6,10,24,1.5,10,7,59.7,48.5,63.7,catch_up_students,58.4,0,2
69.1,4.2,96.1,87.9,1,3,18,3.6,10,2,31.5,75.7,90.8,practice_oriented_students,34.3,1,0
59.7,5.8,96.2,79.9,0,4,18,3.8,1,3,23.7,72.5,74.8,practice_oriented_students,34.9,1,0
72.8,6.2,72.8,70.9,2,16,26,1.6,3,5,45.6,65.2,69.4,social_learners,41.1,1,4
82.1,7.9,69.0,71.7,1,3,16,2.4,14,0,48.9,63.9,65.2,video_focused_students,40.9,1,3
71.2,5.1,95.3,87.4,0,3,18,1.5,4,1,34.8,73.8,84.5,practice_oriented_students,29.6,1,0
21.4,1.2,23.1,45.6,9,0,4,18.2,0,2,52.3,0.0,23.8,at_risk_students,100.0,0,1
83.1,6.9,76.1,64.8,2,15,21,1.9,4,10,31.5,63.5,77.5,social_learners,40.2,1,4
60.1,8.4,62.3,61.3,5,5,28,0.7,10,4,49.1,57.7,77.7,catch_up_students,50.5,0,2
73.9,5.4,71.4,74.1,1,18,21,1.5,4,14,41.7,63.0,64.6,social_learners,41.2,1,4
81.0,5.7,81.7,80.4,2,16,24,2.6,6,7,45.6,74.0,88.9,social_learners,35.7,1,4
30.8,1.8,25.9,47.1,10,1,4,17.3,2,1,95.0,0.0,22.6,at_risk_students,100.0,0,1
58.9,12.1,53.3,57.2,5,4,30,0.8,11,2,39.5,49.5,63.2,catch_up_students,51.1,1,2
16.3,1.2,28.3,33.7,7,3,3,15.3,2,2,75.6,0.0,29.7,at_risk_students,100.0,0,1
63.2,8.3,77.1,56.9,5,4,25,0.6,8,4,46.2,55.8,70.6,catch_up_students,49.0,0,2
24.2,2.2,26.7,38.1,7,0,2,20.6,3,0,65.4,0.0,29.7,at_risk_students,100.0,0,1
25.0,2.7,35.0,50.8,9,1,6,14.8,4,1,73.6,4.6,39.3,at_risk_students,100.0,0,1
100.0,6.7,59.6,67.5,1,3,13,3.8,16,0,59.9,57.3,63.9,video_focused_students,45.1,1,3
32.4,1.6,20.1,38.6,9,1,6,12.7,1,1,59.3,0.0,45.3,at_risk_students,100.0,0,1
66.5,4.4,95.8,86.8,2,4,15,0.0,2,0,50.6,73.0,86.9,practice_oriented_students,35.6,1,0
71.9,6.3,80.6,77.9,1,22,22,1.4,0,9,47.8,71.0,77.6,social_learners,35.6,1,4
70.8,6.7,77.8,74.6,2,17,21,2.0,2,8,34.7,60.5,70.8,social_learners,40.9,1,4
69.3,9.4,66.1,81.8,6,4,27,1.2,9,4,61.9,55.2,73.2,catch_up_students,47.4,0,2
54.8,10.1,70.1,84.6,5,5,29,0.7,10,4,33.0,63.5,66.0,catch_up_students,44.5,1,2
66.0,4.8,92.0,77.5,0,4,17,3.2,0,1,32.2,73.4,92.7,practice_oriented_students,34.2,1,0
37.8,1.5,35.7,29.6,7,2,2,18.0,2,2,70.4,0.0,38.6,at_risk_students,100.0,0,1
22.1,1.9,24.8,35.3,8,3,4,14.3,0,1,77.6,0.0,46.4,at_risk_students,100.0,0,1
69.7,6.9,96.9,95.8,1,2,20,3.1,7,2,51.6,78.7,90.7,practice_oriented_students,28.6,1,0
92.5,6.4,69.3,72.3,3,2,19,0.0,14,2,77.0,69.4,78.1,video_focused_students,41.2,1,3
91.0,7.2,68.0,67.3,2,1,18,3.5,12,0,66.0,58.3,78.5,video_focused_students,42.7,1,3
33.7,1.0,29.4,53.6,11,2,6,23.9,0,1,79.5,0.0,34.6,at_risk_students,100.0,0,1
73.8,6.1,70.9,72.7,2,15,26,2.4,7,6,33.4,77.4,77.0,social_learners,41.1,1,4
54.1,9.9,66.8,52.1,7,6,28,1.2,12,3,40.3,43.3,67.6,catch_up_students,57.3,0,2
80.1,6.8,80.3,79.7,4,15,24,1.4,7,8,60.8,72.5,73.8,social_learners,41.2,1,4
57.8,10.0,63.1,65.8,5,5,27,0.0,12,3,52.3,59.4,70.2,catch_up_students,48.8,0,2
65.5,6.3,93.2,94.7,0,1,20,1.6,0,1,45.8,86.3,79.4,practice_oriented_students,28.4,1,0
27.6,1.1,25.3,37.8,7,4,4,14.3,3,3,82.3,0.0,26.0,at_risk_students,100.0,0,1
95.5,5.5,63.2,72.0,3,2,21,4.7,15,0,75.6,66.6,67.4,video_focused_students,48.0,1,3
76.1,7.2,55.5,74.8,3,20,19,1.5,0,9,31.9,60.0,83.8,social_learners,46.5,1,4
30.6,1.6,26.9,28.7,9,0,1,15.6,2,1,64.5,0.0,56.9,at_risk_students,100.0,0,1
59.4,10.5,65.6,66.5,6,2,24,1.1,10,6,54.2,48.4,69.7,catch_up_students,52.1,0,2
17.6,1.9,10.0,42.1,7,1,7,16.8,0,0,56.0,0.0,21.1,at_risk_students,100.0,0,1
93.2,7.3,67.9,70.4,1,2,12,2.1,13,1,86.5,60.4,63.6,video_focused_students,41.8,1,3
64.1,5.6,96.4,85.8,1,3,14,1.5,3,1,40.5,69.5,85.6,practice_oriented_students,34.0,1,0
93.7,6.2,72.5,79.9,2,1,16,4.1,12,0,66.5,63.2,76.5,video_focused_students,41.3,1,3
93.3,6.2,69.3,72.9,1,2,18,4.5,13,0,72.2,61.9,75.9,video_focused_students,40.6,1,3
28.6,2.0,21.1,46.4,6,0,1,12.9,4,3,73.3,0.0,31.6,at_risk_students,100.0,0,1
16.1,1.4,36.5,29.6,8,1,6,13.8,2,2,90.6,0.0,36.7,at_risk_students,100.0,0,1
23.2,1.0,27.0,48.7,9,1,2,15.8,3,0,68.6,0.0,34.1,at_risk_students,100.0,0,1
30.1,1.9,17.2,24.2,9,0,9,22.6,4,0,76.7,0.0,46.7,at_risk_students,100.0,0,1
36.0,1.7,26.0,25.2,9,1,6,16.8,2,1,78.9,0.0,36.0,at_risk_students,100.0,0,1
21.3,1.0,16.8,41.5,8,0,4,20.1,2,1,81.4,0.0,46.0,at_risk_students,100.0,0,1
99.7,7.3,82.8,67.3,1,2,15,4.5,16,1,60.1,66.3,76.7,video_focused_students,37.2,1,3
71.2,7.0,97.3,87.2,0,3,16,2.1,3,1,27.7,79.8,79.3,practice_oriented_students,29.0,1,0
73.0,7.2,79.5,80.8,2,19,27,2.2,1,7,52.6,79.0,73.2,social_learners,36.4,1,4
27.6,2.3,23.5,40.6,10,0,4,18.9,2,2,55.2,0.0,21.1,at_risk_students,100.0,0,1
90.0,7.1,72.5,67.1,2,2,19,1.6,12,1,65.3,63.5,72.9,video_focused_students,40.4,1,3
69.8,6.0,64.5,71.7,2,18,25,2.3,9,7,34.0,62.7,70.7,social_learners,44.5,1,4
27.7,2.3,37.3,43.5,11,1,2,19.7,0,0,76.2,0.0,37.0,at_risk_students,100.0,0,1
90.9,7.6,68.1,67.0,1,1,17,4.0,11,0,65.4,64.9,66.7,video_focused_students,42.0,1,3
61.1,6.0,100.0,91.7,1,3,13,1.0,0,3,48.2,72.1,89.4,practice_oriented_students,31.5,1,0
56.5,11.3,62.1,58.5,4,9,28,0.0,8,2,52.9,56.6,66.7,catch_up_students,46.8,1,2
27.6,2.2,22.1,66.4,8,0,3,15.3,0,1,51.9,0.0,39.6,at_risk_students,100.0,0,1
69.0,8.0,88.7,87.2,0,2,16,3.1,3,3,39.3,71.1,80.9,practice_oriented_students,31.3,1,0
32.6,0.9,14.3,33.7,9,2,8,17.9,2,2,59.6,0.0,19.6,at_risk_students,100.0,0,1
65.7,6.0,94.0,92.7,1,3,17,2.3,3,1,56.9,74.8,88.1,practice_oriented_students,32.1,1,0
34.1,2.1,31.1,40.9,10,2,6,15.6,3,0,63.8,0.0,37.5,at_risk_students,100.0,0,1
61.2,5.5,92.1,88.2,1,3,18,1.7,2,2,19.2,71.0,85.8,video_focused_students,34.0,1,0
64.3,5.9,73.4,82.4,2,13,22,2.6,3,8,46.9,74.3,74.7,social_learners,42.2,1,4
68.2,5.2,95.1,92.4,0,3,15,0.9,6,0,16.7,73.5,97.6,practice_oriented_students,28.0,1,0
74.2,5.8,92.3,81.9,0,3,19,2.5,3,1,21.3,76.7,89.8,practice_oriented_students,30.1,1,0
58.1,8.6,60.6,60.4,6,6,25,0.1,11,8,54.6,53.6,71.5,catch_up_students,55.0,0,2
86.9,7.0,75.2,75.2,3,2,15,3.3,13,2,43.2,59.7,73.2,video_focused_students,44.4,1,3
94.4,6.2,65.9,83.1,3,3,17,3.2,19,2,56.0,63.6,63.2,video_focused_students,45.4,1,3
58.9,6.3,91.9,90.7,1,2,20,1.7,3,0,45.0,78.4,85.3,practice_oriented_students,32.4,1,0
21.8,0.2,33.4,35.9,7,0,4,20.5,2,2,75.9,0.0,34.9,at_risk_students,100.0,0,1
32.7,2.2,22.9,40.6,9,1,3,13.2,2,2,83.6,0.0,24.4,catch_up_students,100.0,0,1
63.6,9.0,57.6,51.7,6,6,27,1.0,12,3,47.3,50.1,75.0,catch_up_students,55.9,0,2
68.0,5.9,91.6,92.2,1,4,14,3.6,3,0,34.6,71.0,92.0,practice_oriented_students,34.4,1,0
70.2,6.0,90.7,84.5,1,3,14,3.1,3,3,24.8,66.0,85.9,practice_oriented_students,35.8,1,0
88.6,8.2,68.9,67.2,1,0,14,2.5,12,0,61.3,66.0,80.2,video_focused_students,39.5,1,3
68.2,5.5,74.9,68.7,3,17,23,3.2,5,9,41.0,60.4,68.8,social_learners,47.6,1,4
62.4,9.8,53.2,70.3,4,3,27,2.6,14,4,48.6,56.5,51.9,catch_up_students,51.9,0,2
32.5,2.2,23.4,44.0,8,2,4,17.6,2,1,78.9,0.0,22.3,at_risk_students,100.0,0,1
64.3,5.9,71.8,83.9,2,20,24,1.3,5,9,56.5,63.7,76.2,social_learners,40.2,1,4
64.4,3.8,100.0,91.0,0,2,21,1.0,2,0,36.9,85.4,90.7,practice_oriented_students,27.8,1,0
58.0,10.5,55.6,48.4,5,4,27,0.5,9,6,67.7,46.5,51.2,catch_up_students,56.0,0,2
77.6,6.1,69.7,80.3,2,17,21,2.0,5,8,42.9,67.1,82.5,social_learners,40.2,1,4
97.7,7.2,65.0,78.2,3,5,17,4.6,14,1,59.9,61.7,75.1,video_focused_students,44.9,1,3
67.5,5.5,91.7,81.4,2,2,21,2.5,5,1,29.7,76.7,81.2,practice_oriented_students,37.2,1,0
96.6,7.9,65.5,74.5,2,1,15,4.4,12,1,60.6,54.7,87.8,video_focused_students,41.2,1,3
89.7,6.3,66.3,76.0,3,2,19,5.5,15,0,66.0,57.4,76.5,video_focused_students,46.9,0,3
80.9,6.9,69.8,64.9,3,2,20,4.1,10,1,67.4,54.5,69.2,video_focused_students,48.1,1,3
61.0,6.9,91.4,96.6,0,3,22,1.2,4,1,30.5,76.5,88.5,practice_oriented_students,26.5,1,0
76.1,6.1,68.0,82.2,2,14,19,0.9,6,9,53.3,62.2,75.0,social_learners,41.1,1,4
63.2,6.1,86.8,85.2,1,2,20,0.0,3,1,49.9,75.4,80.0,at_risk_students,33.4,1,0
62.4,5.6,93.6,80.6,1,4,20,2.0,4,2,42.2,77.6,83.7,practice_oriented_students,34.6,1,0
62.7,8.7,52.8,60.4,5,2,29,2.1,11,4,47.6,53.2,67.4,catch_up_students,54.5,0,2
31.2,2.2,15.9,41.0,8,1,7,19.4,3,1,69.9,0.0,35.5,at_risk_students,100.0,0,1
71.1,6.8,78.1,68.5,1,22,24,1.3,5,10,54.5,76.0,68.2,social_learners,37.9,1,4
65.2,4.8,97.2,90.4,0,3,27,2.2,3,0,50.2,89.7,92.1,practice_oriented_students,26.3,1,0
66.8,8.7,62.3,65.3,7,7,27,1.2,7,0,60.7,51.5,62.0,catch_up_students,56.4,0,2
73.0,6.4,100.0,90.5,1,3,14,3.3,0,0,36.2,71.5,82.3,practice_oriented_students,32.1,1,0
71.5,5.3,91.1,81.6,1,3,12,2.3,5,2,35.4,72.6,84.8,practice_oriented_students,36.8,1,0
63.0,9.0,66.5,51.4,5,4,27,2.1,9,6,66.1,57.3,64.8,catch_up_students,53.4,0,2
73.7,7.0,85.0,72.2,1,14,26,2.8,4,4,41.6,75.1,80.3,social_learners,34.1,1,4
23.3,2.2,27.7,44.3,9,2,6,12.8,2,2,82.6,0.0,42.2,at_risk_students,100.0,0,1
70.4,6.5,73.3,69.3,1,11,14,1.7,10,12,39.2,55.9,77.9,social_learners,42.1,1,4
65.8,6.1,72.9,77.5,2,16,23,0.8,2,5,52.2,61.7,75.0,social_learners,40.7,1,4
59.8,7.4,90.7,91.4,1,2,18,2.8,4,1,25.4,70.2,90.3,practice_oriented_students,32.5,1,0
70.6,6.5,94.4,91.2,1,4,18,2.4,6,1,25.3,74.4,90.0,practice_oriented_students,30.5,1,0
68.5,7.2,86.5,93.1,0,3,24,1.8,4,2,22.3,81.0,87.4,practice_oriented_students,26.9,1,0
84.8,6.5,62.4,65.8,3,2,14,2.7,11,1,51.9,51.9,71.2,practice_oriented_students,50.1,0,3
28.1,1.8,20.5,37.7,11,3,3,12.8,1,2,67.0,0.0,40.4,at_risk_students,100.0,0,1
69.5,6.4,90.6,93.3,0,4,16,1.7,2,0,32.6,74.6,72.4,practice_oriented_students,31.0,1,0
77.7,6.7,69.8,73.2,2,21,21,1.2,3,5,49.5,69.4,78.2,social_learners,40.5,1,4
43.8,1.7,22.9,27.3,10,1,6,12.0,2,1,72.4,0.0,31.2,at_risk_students,100.0,0,1
19.2,2.1,2.0,45.0,6,0,2,15.2,3,0,67.4,0.0,32.9,at_risk_students,100.0,0,1
60.1,5.5,99.2,91.6,0,3,17,1.6,1,0,47.1,76.6,84.7,practice_oriented_students,29.5,1,0
86.3,6.3,80.6,72.4,1,17,21,1.6,7,6,47.0,70.0,81.3,social_learners,34.5,1,4
58.5,9.3,44.9,60.0,6,9,29,2.0,8,5,63.8,50.7,57.9,catch_up_students,60.1,0,2
28.9,1.5,17.1,55.0,9,1,4,16.1,2,1,78.3,0.0,30.2,at_risk_students,100.0,0,1
14.8,1.5,20.9,43.4,11,0,10,15.2,2,0,81.0,0.0,38.4,at_risk_students,100.0,0,1
58.5,10.3,59.1,72.4,7,5,31,1.2,10,5,54.6,54.4,44.0,catch_up_students,56.3,0,2
38.4,2.5,31.8,36.9,7,0,9,13.6,0,2,86.0,9.4,54.6,at_risk_students,97.9,0,1
91.3,5.1,68.2,75.7,2,2,13,1.9,19,3,62.0,57.3,75.0,video_focused_students,43.9,1,3
83.6,4.9,76.8,79.2,2,22,29,1.6,6,8,41.9,79.0,78.6,social_learners,36.1,1,4
86.6,6.4,65.3,66.9,2,2,19,2.1,11,3,60.7,61.3,73.2,video_focused_students,43.9,1,3
80.0,7.3,74.2,70.8,3,20,22,3.1,4,11,58.8,65.6,71.5,social_learners,43.7,1,4
76.3,8.8,72.5,63.1,4,6,28,0.5,11,7,55.9,65.2,60.7,catch_up_students,44.0,1,2
74.3,7.3,75.6,67.6,1,17,26,3.0,9,8,53.1,72.6,68.3,social_learners,38.5,1,4
65.7,8.6,94.2,83.7,1,2,15,4.5,6,1,32.9,72.9,85.1,practice_oriented_students,34.1,1,0
75.6,8.7,69.1,74.1,3,2,18,2.8,9,1,73.5,56.6,68.5,video_focused_students,45.1,1,3
54.8,9.1,58.0,62.5,4,5,28,1.4,12,9,66.1,56.0,72.3,catch_up_students,50.1,0,2
91.1,7.3,72.9,75.7,2,3,20,4.9,13,0,55.1,66.7,68.2,video_focused_students,41.6,1,3
83.9,6.4,69.5,66.6,3,2,14,3.6,14,0,60.1,52.3,76.3,social_learners,48.6,0,3
58.3,5.5,87.7,86.3,2,2,17,4.5,5,1,34.7,69.8,89.6,practice_oriented_students,40.9,1,0
87.2,5.7,68.6,63.6,2,1,19,2.7,14,0,63.1,60.6,64.6,video_focused_students,45.8,1,3
70.7,5.8,100.0,83.4,1,1,17,0.7,5,1,33.5,73.7,93.6,practice_oriented_students,29.7,1,0
77.9,5.0,69.5,76.3,2,21,22,1.5,3,9,44.6,66.5,75.4,social_learners,42.1,1,4
63.2,5.2,94.7,72.9,0,2,22,1.7,3,1,31.2,76.6,84.6,practice_oriented_students,32.2,1,0
88.9,6.0,61.1,72.4,2,1,18,4.7,16,1,67.1,58.4,88.3,video_focused_students,44.9,1,3
83.3,8.2,78.6,66.5,2,2,20,1.4,7,3,64.5,66.2,76.2,video_focused_students,38.0,1,3
58.4,5.1,93.4,76.6,1,3,17,1.6,2,0,37.2,64.8,85.2,practice_oriented_students,36.8,1,0
89.5,6.4,55.1,76.1,1,2,14,2.9,16,2,71.0,59.7,75.3,video_focused_students,43.9,0,3
24.8,1.6,34.8,34.4,9,1,7,15.5,3,0,54.9,0.0,15.2,at_risk_students,100.0,0,1
95.5,6.3,64.6,71.3,3,4,18,4.0,17,1,58.9,56.5,72.1,video_focused_students,46.9,1,3
60.4,6.8,95.2,95.1,0,5,13,0.9,3,2,37.8,71.0,85.5,practice_oriented_students,29.2,1,0
71.7,6.6,98.4,90.0,0,2,19,1.8,3,0,43.6,81.5,89.7,practice_oriented_students,26.0,1,0
66.9,4.7,92.5,75.4,0,3,25,0.2,2,1,50.2,82.7,88.2,practice_oriented_students,29.4,1,0
88.4,6.9,64.1,76.3,1,3,16,3.2,8,0,71.6,63.7,71.5,video_focused_students,41.4,1,3
90.9,5.7,68.6,74.2,2,1,15,4.4,12,1,77.2,63.3,66.3,catch_up_students,46.1,0,3
31.6,2.1,20.9,28.0,6,0,6,12.2,2,0,68.7,0.2,26.5,at_risk_students,100.0,0,1
85.0,6.3,62.4,64.1,3,2,9,2.5,16,0,74.0,49.7,67.0,video_focused_students,52.7,1,3
75.7,5.1,68.3,83.0,1,20,22,1.9,2,7,40.0,70.0,78.4,social_learners,38.8,1,4
70.1,5.5,75.1,69.8,3,17,22,2.2,5,5,38.5,63.0,83.3,social_learners,44.8,0,4
67.8,5.4,89.5,82.3,1,1,15,2.3,7,2,29.2,64.2,96.2,practice_oriented_students,35.2,1,0
68.4,5.1,95.8,85.4,1,1,19,1.7,6,1,46.0,74.8,90.0,practice_oriented_students,32.0,1,0
32.6,1.9,6.7,30.2,10,0,7,18.5,1,0,65.3,0.0,58.8,at_risk_students,100.0,0,1
20.0,2.3,23.1,33.4,10,2,3,11.7,3,1,55.5,0.0,20.2,at_risk_students,100.0,0,1
55.8,4.9,89.3,85.7,2,3,17,2.8,4,1,38.2,74.1,87.7,practice_oriented_students,40.2,1,0
60.6,6.2,89.8,90.2,0,2,19,3.3,5,2,39.0,72.8,88.0,practice_oriented_students,31.7,1,0
71.1,5.8,92.5,96.0,1,3,19,2.1,2,1,35.7,79.0,98.1,practice_oriented_students,29.1,1,0
77.4,6.6,81.9,72.9,2,17,23,1.0,6,9,57.3,69.9,76.9,social_learners,37.1,1,4
21.4,2.2,33.7,50.3,9,1,5,17.3,1,2,76.8,1.2,29.1,at_risk_students,100.0,0,1
60.5,5.2,99.0,97.1,1,4,22,2.8,5,2,41.9,81.5,82.6,practice_oriented_students,31.1,1,0
65.0,5.6,94.9,84.8,0,4,17,2.2,3,2,42.8,70.9,85.6,practice_oriented_students,31.4,1,0
62.0,9.7,61.9,64.7,6,6,29,0.5,15,4,55.6,54.7,69.5,catch_up_students,51.5,0,2
91.0,6.1,70.6,62.1,4,3,18,0.7,11,2,95.0,61.4,81.4,video_focused_students,46.4,1,3
67.9,7.2,67.4,68.7,1,20,23,1.9,5,6,41.6,61.6,73.3,social_learners,40.9,1,4
19.4,2.0,30.3,27.4,8,3,3,17.5,2,2,74.0,0.0,33.7,at_risk_students,100.0,0,1
90.5,5.7,75.5,78.4,1,2,15,1.6,7,0,59.1,68.1,62.9,video_focused_students,39.0,1,3
95.2,6.7,57.0,76.3,2,2,22,2.2,4,0,65.9,61.8,73.2,video_focused_students,41.7,1,3
89.2,5.8,71.1,69.5,2,1,17,3.6,14,1,61.4,59.7,65.8,video_focused_students,45.1,1,3
72.5,8.2,57.6,63.8,5,8,27,1.0,12,9,65.3,56.4,63.9,catch_up_students,51.9,0,2
91.7,6.1,73.6,73.2,2,1,16,0.5,11,0,64.3,67.0,86.2,video_focused_students,38.2,1,3
94.2,7.7,79.1,67.6,2,3,16,3.9,12,0,75.0,65.9,65.3,video_focused_students,41.4,1,3
83.1,6.1,64.0,75.4,2,2,12,7.2,13,1,57.7,58.5,68.4,video_focused_students,51.1,0,3
92.4,5.8,65.6,68.2,1,2,8,3.0,13,0,74.1,54.5,68.8,video_focused_students,45.9,1,3
72.5,7.5,88.8,80.5,3,22,24,3.2,7,8,49.8,71.9,66.1,catch_up_students,39.3,1,4
57.9,6.1,88.5,88.0,1,3,15,3.2,4,1,26.4,70.2,85.9,practice_oriented_students,37.2,1,0
68.2,5.8,68.1,72.1,1,17,25,1.1,5,8,55.4,67.4,73.3,social_learners,40.0,1,4
66.2,6.8,73.2,76.3,3,21,18,2.4,5,7,49.6,63.5,66.6,social_learners,46.9,1,4
20.9,1.4,11.4,36.2,8,0,7,20.5,2,1,75.3,0.0,37.8,at_risk_students,100.0,0,1
89.5,7.0,68.1,73.3,1,3,16,7.6,12,1,84.6,60.4,74.4,video_focused_students,44.3,1,3
37.7,1.1,28.4,34.7,8,0,8,15.0,1,2,66.0,2.7,41.3,at_risk_students,100.0,0,1
59.8,6.9,73.4,74.0,2,12,24,0.6,4,8,55.6,71.1,72.1,social_learners,41.1,1,4
88.9,5.9,59.3,73.6,2,3,14,2.1,14,0,62.1,57.7,79.9,video_focused_students,45.2,1,3
28.4,0.9,28.1,40.4,10,2,5,19.6,2,1,67.9,0.0,42.6,at_risk_students,100.0,0,1
41.1,2.1,37.3,25.1,7,1,5,15.3,0,2,92.5,4.4,50.8,at_risk_students,100.0,0,1
61.8,6.0,100.0,86.2,1,4,22,1.3,3,0,36.6,76.1,93.6,practice_oriented_students,29.0,1,0
58.7,11.8,63.6,62.2,6,5,24,1.0,9,2,53.4,49.4,48.5,catch_up_students,54.6,0,2
66.5,5.5,92.7,84.1,1,3,15,2.5,5,1,55.4,68.5,86.2,practice_oriented_students,35.5,1,0
67.2,6.9,69.9,72.6,1,14,18,1.4,7,8,59.5,64.7,81.5,social_learners,40.2,1,4
57.3,9.6,60.9,75.4,5,5,29,0.6,11,6,52.5,55.1,69.5,practice_oriented_students,48.1,1,2
63.7,8.5,93.6,85.0,0,4,17,1.3,5,2,41.1,75.0,87.1,practice_oriented_students,28.1,1,0
29.4,1.9,33.8,39.5,8,1,7,9.7,0,2,86.2,4.6,25.3,at_risk_students,100.0,0,1
64.7,6.2,87.8,82.5,1,3,15,3.1,3,1,38.3,69.3,86.2,practice_oriented_students,37.1,1,0
17.2,1.5,25.5,27.8,7,1,3,10.9,3,0,82.5,0.0,38.3,at_risk_students,100.0,0,1
57.1,5.3,73.2,78.2,0,17,20,2.0,5,9,55.5,70.1,79.8,social_learners,39.0,1,4
100.0,5.8,64.8,77.4,3,2,18,0.2,18,1,72.0,65.1,58.8,video_focused_students,43.6,1,3
68.9,6.2,94.5,82.7,1,3,19,3.3,4,0,36.9,78.1,100.0,practice_oriented_students,31.9,1,0
66.3,6.7,92.3,85.7,1,4,15,3.5,4,0,45.0,67.2,77.7,practice_oriented_students,36.0,1,0
100.0,6.3,55.1,68.5,3,3,23,5.8,14,0,75.0,57.9,70.4,video_focused_students,49.1,1,3
84.7,6.4,66.6,76.4,2,1,11,3.8,13,0,58.3,59.8,75.7,video_focused_students,46.2,1,3
66.4,6.8,89.9,87.9,1,2,19,2.2,5,0,36.1,79.3,95.3,practice_oriented_students,31.5,1,0
85.1,7.2,65.1,73.7,2,0,15,4.7,14,1,63.7,59.2,75.8,video_focused_students,45.6,1,3
91.4,8.2,68.9,72.3,2,2,15,3.8,11,1,55.7,62.0,73.8,video_focused_students,42.4,1,3
12.9,2.0,26.0,30.1,10,0,7,15.8,0,1,66.9,0.0,32.4,at_risk_students,100.0,0,1
23.6,0.8,35.2,36.8,8,0,7,11.5,2,0,65.7,0.0,27.0,at_risk_students,100.0,0,1
28.6,1.3,24.3,47.0,6,1,3,12.3,2,0,58.8,5.1,51.2,at_risk_students,99.4,0,1
58.6,6.4,91.9,95.5,1,3,15,2.7,1,2,39.4,72.5,82.1,practice_oriented_students,34.6,1,0
56.5,10.1,57.5,63.7,4,6,28,2.5,6,4,64.3,55.6,63.1,catch_up_students,50.9,0,2
67.4,4.7,70.2,70.1,2,15,22,1.4,5,7,38.5,67.0,77.5,social_learners,44.5,1,4
88.0,6.7,55.7,71.2,2,1,14,2.8,16,2,54.6,53.4,69.4,video_focused_students,47.9,1,3
91.7,6.9,71.2,68.4,3,2,13,3.1,17,1,69.6,54.1,68.6,video_focused_students,47.1,1,3
20.9,2.1,27.8,31.1,9,0,6,22.6,2,2,71.2,0.0,38.2,at_risk_students,100.0,0,1
92.7,6.6,62.6,78.1,2,2,20,0.6,17,0,63.7,63.7,68.9,video_focused_students,40.3,1,3
84.1,6.1,76.0,76.3,3,11,24,1.1,0,7,61.8,71.9,73.1,social_learners,40.2,1,4
57.9,9.6,47.3,57.3,6,6,29,1.3,14,4,66.8,53.4,66.1,catch_up_students,58.3,0,2
91.9,6.5,68.8,79.3,3,3,14,2.2,13,1,60.5,63.2,66.3,video_focused_students,45.1,1,3
98.1,6.8,71.9,75.3,2,2,22,3.9,16,2,64.5,71.0,74.3,video_focused_students,39.0,1,3
48.5,9.7,59.5,59.9,7,5,25,1.8,7,1,61.3,46.1,66.3,catch_up_students,60.4,0,2
64.7,5.2,72.4,68.4,2,16,24,1.9,6,9,44.2,65.8,78.1,social_learners,43.8,0,4
94.2,6.9,71.4,64.3,2,1,18,1.3,10,2,57.0,67.0,66.5,video_focused_students,41.6,1,3
63.1,10.3,59.1,61.4,5,6,27,0.9,11,7,57.2,52.8,79.4,catch_up_students,49.2,0,2
63.0,8.7,58.8,48.8,5,3,27,0.9,10,7,59.4,53.9,52.0,catch_up_students,56.5,0,2
72.4,6.3,75.2,71.8,2,21,21,0.9,5,6,33.2,70.5,74.9,social_learners,40.8,1,4
74.1,4.4,76.6,76.6,1,18,24,0.8,6,10,45.2,72.7,71.8,social_learners,37.9,1,4
59.9,6.4,90.3,89.2,0,2,23,0.7,5,3,41.5,75.7,79.0,practice_oriented_students,29.0,1,0
91.8,7.0,60.4,66.8,2,2,22,2.0,10,0,67.1,61.2,72.7,video_focused_students,42.7,1,3
68.3,6.6,90.1,79.3,2,15,19,2.5,6,7,56.7,71.3,77.1,social_learners,37.9,1,4
65.1,5.0,92.4,92.2,0,3,15,3.1,5,0,34.2,69.2,92.6,practice_oriented_students,31.9,1,0
26.5,2.8,19.6,43.5,9,0,5,14.4,2,0,70.8,0.0,47.0,at_risk_students,100.0,0,1
31.1,1.7,20.0,34.6,7,1,5,22.0,3,0,56.6,0.0,35.9,at_risk_students,100.0,0,1
93.7,6.7,72.3,62.4,3,1,18,3.1,13,1,64.0,63.5,76.2,video_focused_students,45.1,1,3
75.0,7.8,74.6,82.5,2,15,24,2.3,5,9,53.9,61.7,76.9,social_learners,37.0,1,4
64.5,5.2,88.5,86.3,0,2,16,2.8,8,2,45.0,71.7,84.7,practice_oriented_students,34.2,1,0
22.4,1.5,31.8,48.8,9,0,4,11.0,2,1,68.3,0.0,40.4,at_risk_students,100.0,0,1
60.0,5.7,94.6,95.9,1,4,21,2.0,6,2,47.0,84.3,89.8,practice_oriented_students,30.7,1,0
85.7,7.0,82.0,74.1,2,21,20,1.7,1,8,40.5,78.6,75.7,social_learners,36.9,1,4
64.4,6.8,78.8,74.0,2,18,19,0.9,5,8,41.3,64.3,72.2,social_learners,41.2,1,4
65.6,7.4,90.2,89.0,1,4,16,4.3,1,3,36.7,73.1,90.3,practice_oriented_students,34.3,1,0
21.9,2.0,39.9,31.0,11,1,4,12.9,2,0,66.8,0.0,35.4,at_risk_students,100.0,0,1
25.5,1.4,22.4,42.2,9,0,5,15.8,1,1,76.8,0.0,43.7,at_risk_students,100.0,0,1
67.1,5.4,72.5,85.0,2,16,28,1.5,9,7,38.9,72.3,76.0,social_learners,38.7,1,4
45.2,1.9,28.7,34.8,8,2,2,12.0,2,2,67.3,0.0,42.2,at_risk_students,100.0,0,1
46.9,10.2,59.4,70.4,5,6,28,0.5,7,4,55.0,54.3,58.9,catch_up_students,51.8,0,2
64.1,6.8,95.8,87.6,1,2,23,4.5,4,4,30.6,74.4,79.5,practice_oriented_students,32.9,1,0
86.9,6.0,68.8,70.6,3,20,22,0.1,3,11,52.5,71.0,77.4,social_learners,41.9,1,4
90.8,6.8,64.5,70.3,1,1,11,5.2,8,3,56.2,55.1,85.2,catch_up_students,44.1,1,3
36.0,2.4,17.8,36.0,7,1,5,14.8,0,0,78.0,0.0,35.9,at_risk_students,100.0,0,1
69.3,7.6,67.2,80.3,2,18,21,1.5,5,7,49.7,71.0,79.7,social_learners,40.4,1,4
56.4,6.9,92.2,98.1,2,2,20,1.5,4,2,44.9,73.4,92.4,practice_oriented_students,32.4,1,0
89.2,5.5,59.5,80.8,2,2,14,2.8,11,1,61.2,59.6,76.0,video_focused_students,45.4,1,3
47.8,8.0,85.2,74.8,7,5,28,0.6,7,4,64.6,56.7,71.7,catch_up_students,50.5,0,2
69.7,5.4,93.3,90.0,1,3,16,1.6,2,0,35.1,68.9,91.9,practice_oriented_students,32.0,1,0
32.5,0.8,22.8,53.8,9,0,6,13.4,3,0,70.5,0.0,32.6,at_risk_students,100.0,0,1
89.9,5.9,70.9,73.1,1,3,15,3.8,15,1,71.3,66.4,70.9,video_focused_students,42.0,1,3
61.6,9.9,70.9,68.8,5,5,28,0.7,8,1,41.6,59.2,80.9,catch_up_students,44.8,1,2
93.0,6.8,59.0,72.0,4,4,17,1.7,10,0,72.2,56.2,84.4,video_focused_students,47.4,1,3
98.7,6.0,68.3,74.8,2,1,14,5.8,19,1,59.9,59.7,68.8,video_focused_students,45.9,1,3
26.3,1.9,21.8,37.3,8,1,4,18.7,0,3,72.4,0.0,44.1,at_risk_students,100.0,0,1
51.6,8.5,59.0,68.6,5,7,23,0.9,12,5,47.4,41.7,59.7,catch_up_students,55.3,0,2
96.3,6.3,65.2,58.0,1,3,18,1.4,11,1,52.4,63.2,59.0,video_focused_students,43.0,1,3
76.6,7.1,64.7,76.3,1,17,22,1.2,0,10,49.6,69.1,68.1,social_learners,39.3,1,4
24.1,1.3,29.3,31.8,7,2,5,15.5,3,0,66.3,0.0,41.1,at_risk_students,100.0,0,1
21.7,2.1,29.4,42.7,7,1,3,15.9,0,0,82.9,0.0,41.7,at_risk_students,100.0,0,1
60.6,6.1,91.6,95.7,1,3,14,1.8,4,1,32.1,74.7,89.0,practice_oriented_students,33.3,1,0
79.9,6.9,80.5,72.3,2,16,25,2.5,5,10,42.5,74.8,82.3,social_learners,36.8,1,4
27.9,2.1,17.8,40.8,9,0,6,11.6,2,1,63.7,0.0,38.8,at_risk_students,100.0,0,1
31.0,1.3,43.3,38.0,7,0,7,14.6,1,2,66.8,9.2,44.5,at_risk_students,99.9,0,1
43.8,0.8,18.5,36.7,12,3,8,13.2,1,0,63.2,0.0,52.9,at_risk_students,100.0,0,1
77.6,4.8,74.3,69.4,1,15,21,2.0,5,8,50.0,70.1,71.8,social_learners,40.9,1,4
88.6,6.2,66.6,83.2,2,1,19,2.7,14,0,72.2,69.9,68.9,video_focused_students,41.7,1,3
55.9,10.9,62.3,81.2,5,7,31,0.1,7,3,60.5,65.0,52.1,catch_up_students,46.5,1,2
41.1,2.2,27.9,51.2,9,1,3,14.0,2,1,49.6,0.0,35.8,at_risk_students,100.0,0,1
38.4,1.8,17.7,22.6,9,0,7,20.9,0,2,83.9,0.0,48.2,at_risk_students,100.0,0,1
84.6,7.2,70.5,55.8,2,3,16,3.7,12,0,61.9,58.7,73.4,video_focused_students,46.6,1,3
91.4,7.7,65.8,63.3,3,2,17,1.5,18,2,59.7,61.4,66.5,video_focused_students,46.0,0,3
42.8,1.4,38.8,37.3,11,0,5,18.8,3,2,66.1,0.0,38.8,at_risk_students,100.0,0,1
93.9,6.6,69.2,72.5,2,2,16,3.3,18,2,64.3,59.6,67.7,video_focused_students,43.4,1,3
50.9,9.6,63.9,60.5,4,4,27,0.7,13,5,49.8,58.7,65.9,catch_up_students,49.6,0,2
70.5,4.8,97.7,88.0,1,2,14,0.4,2,2,28.3,70.4,77.7,practice_oriented_students,33.1,1,0
24.6,1.6,33.3,50.2,11,0,3,18.4,2,2,73.1,0.0,53.8,at_risk_students,100.0,0,1
55.1,9.4,58.6,51.0,7,7,27,2.1,9,1,62.1,44.6,54.8,catch_up_students,62.6,0,2
67.9,6.7,95.3,90.7,0,3,13,3.9,1,1,25.4,71.7,82.6,practice_oriented_students,32.0,1,0
71.7,6.1,91.1,87.3,2,4,15,1.5,5,1,27.6,66.1,91.5,practice_oriented_students,34.9,1,0
76.2,5.3,70.8,72.7,2,16,20,0.5,6,9,47.8,63.1,78.6,social_learners,41.8,1,4
88.2,7.4,72.3,72.9,0,20,25,1.3,2,6,50.6,78.7,76.5,video_focused_students,31.5,1,4
70.8,6.2,96.3,77.6,0,3,21,4.3,4,0,20.4,74.9,92.2,practice_oriented_students,30.5,1,0
68.6,8.2,78.5,69.8,2,19,22,2.6,7,9,46.9,65.6,70.0,social_learners,40.7,1,4
44.9,9.7,60.2,52.6,5,5,31,1.4,12,5,39.0,51.4,70.4,catch_up_students,54.0,0,2
66.7,6.4,80.4,81.6,3,22,17,0.7,1,9,41.5,62.3,74.1,social_learners,42.5,1,4
83.6,5.8,68.0,79.2,2,1,10,5.0,11,0,48.3,51.8,62.9,video_focused_students,49.1,1,3
60.0,6.1,92.0,99.1,0,3,19,1.1,4,2,36.8,71.9,95.3,practice_oriented_students,27.0,1,0
73.4,6.7,95.2,94.2,0,4,21,1.5,9,1,18.5,80.1,89.3,practice_oriented_students,24.8,1,0
93.7,6.3,77.0,77.6,2,2,18,2.9,12,1,53.5,68.5,57.4,video_focused_students,41.0,0,3
86.0,5.4,58.1,74.6,2,2,12,2.5,14,1,68.6,53.8,79.8,video_focused_students,47.4,0,3
21.7,1.7,18.8,29.5,9,3,4,16.0,1,2,79.7,0.0,46.1,at_risk_students,100.0,0,1
64.5,7.4,95.5,76.9,1,2,21,2.6,1,1,37.7,75.4,89.2,practice_oriented_students,32.1,1,0
60.9,9.5,70.2,80.9,6,6,29,1.4,10,9,48.0,61.0,74.2,catch_up_students,47.0,0,2
65.1,5.4,95.3,88.5,0,4,21,3.9,4,1,41.6,78.2,83.5,practice_oriented_students,31.3,1,0
83.7,6.9,65.4,70.5,2,3,13,3.0,11,0,57.2,57.9,71.6,social_learners,46.2,1,3
19.6,2.3,32.6,30.9,10,1,5,17.3,2,2,72.9,0.0,34.6,at_risk_students,100.0,0,1
55.4,10.3,64.9,60.2,6,6,28,1.1,13,4,51.4,55.6,55.1,catch_up_students,54.5,0,2
63.6,5.4,93.3,81.7,0,3,12,3.1,7,1,46.4,72.7,86.9,practice_oriented_students,35.2,1,0
79.2,6.7,78.2,75.2,2,2,19,3.4,21,0,70.0,63.5,78.3,video_focused_students,40.5,1,3
96.1,6.9,70.0,62.2,3,2,16,4.1,12,0,60.1,64.0,69.8,video_focused_students,47.5,1,3
67.2,8.1,71.4,76.2,2,11,22,1.3,5,9,46.4,68.8,76.3,social_learners,39.7,1,4
73.2,6.4,85.0,77.0,1,11,19,1.4,5,7,49.8,68.2,73.6,social_learners,35.8,1,4
72.8,4.9,94.0,78.5,0,2,21,1.3,2,1,36.3,84.4,82.3,practice_oriented_students,30.5,1,0
91.6,6.5,70.6,79.4,4,1,19,4.4,16,1,60.5,63.5,79.6,video_focused_students,46.0,1,3
74.2,6.2,59.2,66.3,1,14,25,0.6,4,7,56.6,67.8,73.4,social_learners,41.5,1,4
64.3,10.4,60.7,49.4,5,6,29,0.7,12,5,46.6,60.8,61.3,catch_up_students,52.0,0,2
79.3,5.4,69.9,71.9,2,16,22,1.5,3,8,55.9,67.3,67.9,social_learners,43.0,1,4
71.9,5.8,79.5,70.1,2,14,17,1.7,2,8,55.9,63.2,88.1,social_learners,41.1,1,4
93.0,6.5,56.5,81.8,1,3,18,1.9,14,3,74.3,63.0,69.4,video_focused_students,40.4,1,3
65.2,7.0,96.0,79.5,1,3,18,2.5,6,2,30.0,70.6,86.6,practice_oriented_students,33.1,1,0
65.5,7.6,86.2,87.9,1,3,15,0.6,1,2,28.1,75.6,84.0,practice_oriented_students,33.1,1,0
29.4,2.2,33.1,27.0,8,1,9,13.3,2,1,77.2,0.0,44.8,at_risk_students,100.0,0,1
28.5,2.3,23.1,38.8,7,3,5,19.8,2,1,56.0,0.0,16.5,at_risk_students,100.0,0,1
59.4,8.3,53.8,71.5,7,5,29,1.3,10,9,50.4,52.4,74.9,catch_up_students,56.8,0,2
67.6,9.8,60.2,74.0,7,8,20,1.5,10,5,58.9,49.2,67.1,catch_up_students,56.2,0,2
68.5,10.3,65.3,66.9,7,8,28,1.9,10,9,62.8,61.3,60.0,catch_up_students,54.0,0,2
62.5,8.8,76.1,65.0,5,5,27,1.0,9,3,56.2,58.0,68.1,catch_up_students,47.4,0,2
92.6,7.2,72.4,75.3,3,3,24,8.5,8,0,61.9,64.3,76.5,video_focused_students,45.1,1,3
89.6,6.2,64.7,70.8,3,2,15,4.4,12,2,54.6,56.3,65.0,video_focused_students,50.1,1,3
61.7,7.1,100.0,84.9,2,1,21,1.3,6,0,35.5,74.1,82.1,practice_oriented_students,32.5,1,0
72.4,8.2,71.7,85.0,0,16,21,3.2,5,4,36.5,74.1,70.9,social_learners,34.7,1,4
89.5,6.4,72.3,65.2,3,2,15,4.1,13,1,51.3,59.8,77.3,video_focused_students,47.4,1,3
31.2,1.6,32.1,39.6,7,2,2,17.0,2,1,72.7,0.0,30.9,at_risk_students,100.0,0,1
69.3,7.5,75.2,79.8,3,21,25,1.5,2,8,55.8,57.7,79.1,social_learners,39.9,1,4
78.6,6.0,79.9,79.8,1,21,19,1.7,5,6,49.4,74.4,84.9,social_learners,35.2,1,4
82.5,5.7,69.0,71.8,2,4,16,4.4,16,1,82.7,57.3,66.4,video_focused_students,47.3,0,3
73.8,6.6,90.8,83.7,2,3,22,2.1,5,1,31.0,70.5,86.1,practice_oriented_students,33.6,1,0
94.8,7.6,72.0,71.2,3,3,20,5.8,13,1,68.2,58.8,65.0,video_focused_students,45.6,0,3
26.2,1.5,13.5,40.3,8,2,9,17.6,1,2,71.1,0.0,35.6,at_risk_students,100.0,0,1
71.9,7.0,77.1,87.0,2,18,22,0.9,4,7,26.5,75.7,70.9,social_learners,37.0,1,4
24.4,1.9,9.4,41.5,10,1,1,14.6,3,1,56.8,0.0,61.7,at_risk_students,100.0,0,1
60.8,5.0,91.2,91.2,2,3,15,2.7,5,1,38.2,67.1,86.3,at_risk_students,38.7,1,0
71.4,7.9,93.7,88.0,1,2,20,2.7,3,2,36.2,76.9,81.2,practice_oriented_students,30.4,1,0
70.8,6.6,92.6,85.6,1,3,19,2.5,4,2,30.6,76.3,100.0,practice_oriented_students,30.4,1,0
28.3,2.1,22.2,25.5,7,2,1,10.9,3,1,64.0,0.0,33.1,at_risk_students,100.0,0,1
21.4,1.4,27.8,36.7,8,0,6,16.3,1,0,71.1,0.0,42.8,at_risk_students,100.0,0,1
94.5,6.7,72.4,72.3,2,3,13,3.5,17,1,59.0,53.5,61.1,video_focused_students,44.5,1,3
60.2,8.9,63.8,55.4,5,4,25,0.0,7,7,46.1,56.3,69.3,catch_up_students,52.1,0,2
89.5,6.9,65.5,79.2,4,3,10,2.8,13,1,48.2,55.5,60.8,video_focused_students,51.2,0,3
47.6,8.4,64.1,56.4,6,4,25,2.2,11,4,49.8,49.2,76.7,catch_up_students,57.9,0,2
88.1,6.8,70.4,68.7,2,1,17,1.4,15,1,60.4,61.7,76.1,video_focused_students,41.3,1,3
68.7,6.4,91.0,85.0,1,2,23,2.5,4,0,41.9,74.6,83.3,practice_oriented_students,32.1,1,0
29.7,0.4,23.7,40.1,8,1,1,6.1,1,1,38.8,0.0,29.6,video_focused_students,100.0,0,1
100.0,6.6,67.4,77.0,2,2,19,4.3,14,1,59.2,64.6,79.4,video_focused_students,40.5,1,3
60.8,7.2,94.9,83.2,1,2,18,1.7,4,2,40.1,68.9,80.2,practice_oriented_students,33.2,1,0
67.7,5.3,99.4,92.1,0,2,17,1.8,7,2,36.3,80.7,91.1,practice_oriented_students,27.9,1,0
68.0,6.4,95.0,84.1,0,3,16,0.6,5,1,25.3,74.6,85.6,practice_oriented_students,29.1,1,0
19.4,1.0,29.2,25.2,8,1,5,16.9,4,0,79.8,0.0,12.9,at_risk_students,100.0,0,1
44.1,1.5,35.3,48.8,8,1,3,18.8,2,0,76.4,0.0,29.0,at_risk_students,100.0,0,1
22.5,1.5,37.3,37.2,8,1,6,12.4,2,1,53.1,5.3,55.9,at_risk_students,100.0,0,1
60.4,6.1,87.3,94.8,1,5,16,2.1,7,1,38.2,68.4,93.6,practice_oriented_students,33.6,1,0
64.2,6.8,76.3,82.4,1,13,16,4.4,6,8,49.2,60.6,68.4,social_learners,42.4,1,4
69.3,5.2,88.1,85.4,1,5,17,0.9,4,1,25.8,75.3,89.4,practice_oriented_students,33.7,1,0
62.0,5.4,86.4,87.3,1,2,24,3.1,0,0,28.1,77.6,96.4,practice_oriented_students,33.4,1,0
91.1,6.6,60.5,74.1,2,2,21,3.3,17,0,83.5,65.8,70.4,video_focused_students,43.6,1,3
54.5,10.3,68.0,57.3,5,6,28,2.2,11,5,58.8,53.5,48.6,catch_up_students,53.5,0,2
65.8,9.7,72.7,69.9,5,6,29,0.9,13,3,56.5,62.5,70.9,practice_oriented_students,44.8,1,2
26.5,2.1,21.0,29.4,10,1,7,18.7,4,2,63.8,0.0,42.7,at_risk_students,100.0,0,1
64.5,6.0,77.3,75.6,1,12,29,2.1,3,9,64.5,66.7,80.7,social_learners,36.0,1,4
61.9,6.1,67.2,71.6,2,11,23,2.8,3,5,45.9,60.3,75.0,social_learners,45.6,0,4
76.1,6.8,67.6,70.4,2,14,24,3.1,5,6,50.1,64.8,75.9,social_learners,42.7,1,4
77.1,6.3,73.6,88.4,3,20,23,0.9,7,8,42.4,66.6,75.5,social_learners,39.3,1,4
69.4,6.1,92.8,84.6,0,2,16,1.2,5,2,35.0,72.0,95.5,practice_oriented_students,29.1,1,0
90.7,7.7,68.6,72.8,1,1,19,0.2,17,1,56.0,74.5,67.2,catch_up_students,36.5,1,3
90.4,6.9,64.1,72.8,2,2,21,3.3,10,0,63.0,65.1,67.7,video_focused_students,43.1,0,3
62.8,8.4,61.4,60.3,7,6,31,1.6,13,5,56.8,56.2,74.7,catch_up_students,55.8,0,2
71.0,6.2,80.8,84.1,1,15,20,2.5,3,10,51.4,75.6,73.7,social_learners,36.9,1,4
69.6,9.8,44.4,75.7,6,5,26,0.1,15,3,43.9,46.8,67.1,catch_up_students,53.5,0,2
96.0,7.2,65.7,72.1,2,2,14,2.6,11,0,70.4,57.2,78.4,video_focused_students,42.2,1,3
72.1,8.2,67.8,75.0,2,17,22,2.8,6,10,51.7,68.7,82.4,video_focused_students,40.7,1,4
100.0,7.8,64.0,77.1,3,4,13,4.4,11,2,60.3,52.3,76.4,video_focused_students,45.4,1,3
67.0,6.0,100.0,86.1,1,3,19,4.6,4,0,51.0,69.5,85.2,practice_oriented_students,33.3,1,0
84.8,5.4,65.8,71.6,3,3,18,2.1,16,2,65.2,55.5,76.0,video_focused_students,46.8,1,3
99.9,7.1,64.4,71.0,2,2,18,3.9,16,1,55.1,61.0,69.5,video_focused_students,43.2,1,3
70.6,11.5,67.7,64.0,4,6,26,2.3,7,6,47.0,62.2,64.9,catch_up_students,45.1,1,2
65.7,6.6,90.4,89.2,1,3,16,1.9,6,0,28.4,69.6,90.6,practice_oriented_students,32.7,1,0
81.1,5.3,72.8,72.3,1,14,25,1.9,7,7,64.1,67.7,65.6,social_learners,39.0,1,4
75.8,6.6,76.6,79.4,2,14,25,2.4,8,12,49.6,76.8,69.6,social_learners,38.8,1,4
67.7,5.7,91.3,91.8,1,4,16,2.0,2,1,35.0,71.3,98.1,practice_oriented_students,31.9,1,0
81.4,6.7,73.2,73.4,1,23,23,0.2,6,10,48.3,69.3,71.6,social_learners,35.8,1,4
98.6,6.7,57.9,74.3,2,2,13,1.8,16,1,65.8,59.1,74.7,video_focused_students,43.9,1,3
56.6,10.7,72.3,53.2,5,8,31,2.4,8,8,54.5,61.1,73.4,video_focused_students,48.7,0,2
30.8,2.2,24.8,36.8,7,2,5,12.8,2,1,65.4,0.0,38.0,at_risk_students,100.0,0,1
27.1,1.2,5.3,48.3,9,1,7,19.0,2,1,66.8,0.0,42.2,at_risk_students,100.0,0,1
81.9,6.6,76.3,90.4,3,22,21,3.8,5,8,29.7,64.5,79.0,social_learners,40.1,1,4
85.2,8.2,71.3,85.7,1,4,11,3.8,11,1,57.9,57.9,66.6,catch_up_students,39.9,1,3
58.8,10.7,63.4,72.3,4,5,29,1.4,8,7,49.7,63.3,58.8,catch_up_students,46.1,1,2
63.4,5.4,88.7,86.0,1,3,21,2.8,3,0,28.6,70.9,83.0,practice_oriented_students,35.2,1,0
95.9,8.6,63.4,81.6,3,2,17,5.5,13,1,57.0,59.7,56.5,video_focused_students,46.5,1,3
60.6,6.3,87.2,92.0,1,3,18,0.9,6,1,38.1,70.2,90.0,social_learners,32.6,1,0
33.7,2.0,20.7,42.7,10,2,4,10.8,1,1,85.6,0.0,30.7,at_risk_students,100.0,0,1
69.8,6.3,66.3,82.5,2,24,19,3.2,8,7,43.8,59.0,71.5,social_learners,44.7,1,4
27.1,0.9,43.3,36.7,9,0,4,14.7,2,1,79.0,0.0,40.3,at_risk_students,100.0,0,1
28.6,1.6,33.0,41.9,8,1,5,16.1,2,0,78.6,3.5,46.3,at_risk_students,100.0,0,1
94.3,5.3,73.0,63.3,1,2,14,2.3,12,2,54.5,61.6,72.6,video_focused_students,42.0,1,3
63.9,7.7,69.4,58.1,6,4,29,3.0,10,4,52.1,59.8,53.2,catch_up_students,56.7,0,2
60.8,5.0,93.1,92.7,0,4,18,1.2,3,3,24.9,79.3,82.6,practice_oriented_students,30.8,1,0
68.3,7.2,80.1,78.0,1,16,24,0.6,8,11,45.1,77.3,79.1,social_learners,33.8,1,4
98.8,5.4,66.1,75.0,2,4,21,2.2,13,0,60.4,70.7,71.4,video_focused_students,41.0,1,3
39.7,7.9,52.8,57.8,6,4,26,0.5,8,4,49.2,41.8,70.5,catch_up_students,61.1,0,2
63.3,6.6,92.4,93.3,0,3,16,0.9,4,3,29.2,71.3,86.2,practice_oriented_students,28.8,1,0
